Technology,End use,CDIV,TRE,FRCC,MISW,MISC,MISE,MISS,ISNE,NYCW,NYUP,PJME,PJMW,PJMC,PJMD,SRCA,SRSE,SRCE,SPPS,SPPC,SPPN,SRSG,CANO,CASO,NWPP,RMRG,BASN,AK_HI
res_type_central_AC,cooling,1,0.0,0.0,0.0,0.0,0.0,0.0,1.0,0.0,0.0,0.0,0.0,0.0,0.0,0.0,0.0,0.0,0.0,0.0,0.0,0.0,0.0,0.0,0.0,0.0,0.0,
res_type_central_AC,cooling,2,0.0,0.0,0.0,0.0,0.0,0.0,0.0,0.2530922599878082,0.1543823765450984,0.5129446659532418,0.0795806975138514,0.0,0.0,0.0,0.0,0.0,0.0,0.0,0.0,0.0,0.0,0.0,0.0,0.0,0.0,
res_type_central_AC,cooling,3,0.0,0.0,0.0991870419120492,0.1825392085584612,0.1596881262159146,0.0,0.0,0.0,0.0,0.0,0.3567313576977222,0.2018542656158527,0.0,0.0,0.0,0.0,0.0,0.0,0.0,0.0,0.0,0.0,0.0,0.0,0.0,
res_type_central_AC,cooling,4,0.0,0.0,0.2692545725562881,0.2381580300555382,0.0,0.0,0.0,0.0,0.0,0.0,0.0,0.0,0.0,0.0,0.0,0.0,0.0,0.3612618664275348,0.130205435505599,0.0,0.0,0.0,0.0,0.0011200954550396,0.0,
res_type_central_AC,cooling,5,0.0,0.4482706813610725,0.0,0.0,0.0,0.0,0.0,0.0,0.0,0.0493847763893741,0.0424917504053317,0.0,0.0911544184460792,0.1992652891398036,0.1685399783192909,0.0008931059390477,0.0,0.0,0.0,0.0,0.0,0.0,0.0,0.0,0.0,
res_type_central_AC,cooling,6,0.0,0.0,0.0,0.0,0.0,0.0909172055120137,0.0,0.0,0.0,0.0,0.0152785549024233,0.0,0.0,0.0,0.3031650636446001,0.5906391759409627,0.0,0.0,0.0,0.0,0.0,0.0,0.0,0.0,0.0,
res_type_central_AC,cooling,7,0.6577077173509437,0.0,0.0,0.0,0.0,0.1803707436892473,0.0,0.0,0.0,0.0,0.0,0.0,0.0,0.0,0.0,0.0,0.1412785216498187,0.0,0.0,0.0206430173099902,0.0,0.0,0.0,0.0,0.0,
res_type_central_AC,cooling,8,0.0,0.0,4.373300614100521e-05,0.0,0.0,0.0,0.0,0.0,0.0,0.0,0.0,0.0,0.0,0.0,0.0,0.0,0.0093064249098449,0.0,0.0003294321152829,0.5025423964668595,0.0,0.0,0.0127702990807382,0.1358463657258247,0.3391613486953085,
res_type_central_AC,cooling,9,0.0,0.0,0.0,0.0,0.0,0.0,0.0,0.0,0.0,0.0,0.0,0.0,0.0,0.0,0.0,0.0,0.0,0.0,0.0,0.0063879214909827,0.257441427292621,0.6226628827996323,0.1135077684167639,0.0,0.0,
wall-window_room_AC,cooling,1,0.0,0.0,0.0,0.0,0.0,0.0,1.0,0.0,0.0,0.0,0.0,0.0,0.0,0.0,0.0,0.0,0.0,0.0,0.0,0.0,0.0,0.0,0.0,0.0,0.0,
wall-window_room_AC,cooling,2,0.0,0.0,0.0,0.0,0.0,0.0,0.0,0.2530922599878082,0.1543823765450984,0.5129446659532418,0.0795806975138514,0.0,0.0,0.0,0.0,0.0,0.0,0.0,0.0,0.0,0.0,0.0,0.0,0.0,0.0,
wall-window_room_AC,cooling,3,0.0,0.0,0.0991870419120492,0.1825392085584612,0.1596881262159146,0.0,0.0,0.0,0.0,0.0,0.3567313576977222,0.2018542656158527,0.0,0.0,0.0,0.0,0.0,0.0,0.0,0.0,0.0,0.0,0.0,0.0,0.0,
wall-window_room_AC,cooling,4,0.0,0.0,0.2692545725562881,0.2381580300555382,0.0,0.0,0.0,0.0,0.0,0.0,0.0,0.0,0.0,0.0,0.0,0.0,0.0,0.3612618664275348,0.130205435505599,0.0,0.0,0.0,0.0,0.0011200954550396,0.0,
wall-window_room_AC,cooling,5,0.0,0.4482706813610725,0.0,0.0,0.0,0.0,0.0,0.0,0.0,0.0493847763893741,0.0424917504053317,0.0,0.0911544184460792,0.1992652891398036,0.1685399783192909,0.0008931059390477,0.0,0.0,0.0,0.0,0.0,0.0,0.0,0.0,0.0,
wall-window_room_AC,cooling,6,0.0,0.0,0.0,0.0,0.0,0.0909172055120137,0.0,0.0,0.0,0.0,0.0152785549024233,0.0,0.0,0.0,0.3031650636446001,0.5906391759409627,0.0,0.0,0.0,0.0,0.0,0.0,0.0,0.0,0.0,
wall-window_room_AC,cooling,7,0.6577077173509437,0.0,0.0,0.0,0.0,0.1803707436892473,0.0,0.0,0.0,0.0,0.0,0.0,0.0,0.0,0.0,0.0,0.1412785216498187,0.0,0.0,0.0206430173099902,0.0,0.0,0.0,0.0,0.0,
wall-window_room_AC,cooling,8,0.0,0.0,4.373300614100521e-05,0.0,0.0,0.0,0.0,0.0,0.0,0.0,0.0,0.0,0.0,0.0,0.0,0.0,0.0093064249098449,0.0,0.0003294321152829,0.5025423964668595,0.0,0.0,0.0127702990807382,0.1358463657258247,0.3391613486953085,
wall-window_room_AC,cooling,9,0.0,0.0,0.0,0.0,0.0,0.0,0.0,0.0,0.0,0.0,0.0,0.0,0.0,0.0,0.0,0.0,0.0,0.0,0.0,0.0063879214909827,0.257441427292621,0.6226628827996323,0.1135077684167639,0.0,0.0,
chiller,cooling,1,0.0,0.0,0.0,0.0,0.0,0.0,1.0,0.0,0.0,0.0,0.0,0.0,0.0,0.0,0.0,0.0,0.0,0.0,0.0,0.0,0.0,0.0,0.0,0.0,0.0,
chiller,cooling,2,0.0,0.0,0.0,0.0,0.0,0.0,0.0,0.4143554530177287,0.0897675947039537,0.4266732020720425,0.069203750206275,0.0,0.0,0.0,0.0,0.0,0.0,0.0,0.0,0.0,0.0,0.0,0.0,0.0,0.0,
chiller,cooling,3,0.0,0.0,0.0879615368734791,0.1874026872784702,0.1700031630737695,0.0,0.0,0.0,0.0,0.0,0.3024762291223698,0.2521563836519112,0.0,0.0,0.0,0.0,0.0,0.0,0.0,0.0,0.0,0.0,0.0,0.0,0.0,
chiller,cooling,4,0.0,0.0,0.3009879481106265,0.1853686266915356,0.0,0.0,0.0,0.0,0.0,0.0,0.0,0.0,0.0,0.0,0.0,0.0,0.0,0.3737813086132988,0.1397839073320873,0.0,0.0,0.0,0.0,7.820925245172663e-05,0.0,
chiller,cooling,5,0.0,0.3063859077854969,0.0,0.0,0.0,0.0,0.0,0.0,0.0,0.074791105040866,0.0656131492400093,0.0,0.1643875539022378,0.1923974774696553,0.1940758381979397,0.0023489683637949,0.0,0.0,0.0,0.0,0.0,0.0,0.0,0.0,0.0,
chiller,cooling,6,0.0,0.0,0.0,0.0,0.0,0.12879215202171,0.0,0.0,0.0,0.0,0.0173740012495293,0.0,0.0,0.0,0.2611918953456221,0.5926419513831385,0.0,0.0,0.0,0.0,0.0,0.0,0.0,0.0,0.0,
chiller,cooling,7,0.6907654819725256,0.0,0.0,0.0,0.0,0.1508979288238937,0.0,0.0,0.0,0.0,0.0,0.0,0.0,0.0,0.0,0.0,0.1412011127549282,0.0,0.0,0.0171354764486524,0.0,0.0,0.0,0.0,0.0,
chiller,cooling,8,0.0,0.0,6.553516510852073e-05,0.0,0.0,0.0,0.0,0.0,0.0,0.0,0.0,0.0,0.0,0.0,0.0,0.0,0.012224620756371,0.0,0.0016569547441324,0.4723820191221169,0.0,0.0,0.0183046921925746,0.1780601063029501,0.3173060717167464,
chiller,cooling,9,0.0,0.0,0.0,0.0,0.0,0.0,0.0,0.0,0.0,0.0,0.0,0.0,0.0,0.0,0.0,0.0,0.0,0.0,0.0,0.0012012306165826,0.2592741522560197,0.4927782103117542,0.2467464068156433,0.0,0.0,
ASHP,cooling,1,0.0,0.0,0.0,0.0,0.0,0.0,1.0,0.0,0.0,0.0,0.0,0.0,0.0,0.0,0.0,0.0,0.0,0.0,0.0,0.0,0.0,0.0,0.0,0.0,0.0,
ASHP,cooling,2,0.0,0.0,0.0,0.0,0.0,0.0,0.0,0.2974681505516565,0.1346783891372926,0.4992839714930935,0.0685694888179571,0.0,0.0,0.0,0.0,0.0,0.0,0.0,0.0,0.0,0.0,0.0,0.0,0.0,0.0,
ASHP,cooling,3,0.0,0.0,0.0749996183645268,0.1695597977218071,0.0528952917574712,0.0,0.0,0.0,0.0,0.0,0.3938802302571995,0.3086650618989953,0.0,0.0,0.0,0.0,0.0,0.0,0.0,0.0,0.0,0.0,0.0,0.0,0.0,
ASHP,cooling,4,0.0,0.0,0.1928437399894509,0.278556143402749,0.0,0.0,0.0,0.0,0.0,0.0,0.0,0.0,0.0,0.0,0.0,0.0,0.0,0.3455562740073648,0.1818861209074935,0.0,0.0,0.0,0.0,0.0011577216929417,0.0,
ASHP,cooling,5,0.0,0.5980845576672417,0.0,0.0,0.0,0.0,0.0,0.0,0.0,0.0239237252137645,0.0284951342216875,0.0,0.0583722643907127,0.1777638616317468,0.1121867487399991,0.0011737081348472,0.0,0.0,0.0,0.0,0.0,0.0,0.0,0.0,0.0,
ASHP,cooling,6,0.0,0.0,0.0,0.0,0.0,0.0759774703788693,0.0,0.0,0.0,0.0,0.0113639248479287,0.0,0.0,0.0,0.3848285146498739,0.527830090123328,0.0,0.0,0.0,0.0,0.0,0.0,0.0,0.0,0.0,
ASHP,cooling,7,0.7045963340834294,0.0,0.0,0.0,0.0,0.1624134231251276,0.0,0.0,0.0,0.0,0.0,0.0,0.0,0.0,0.0,0.0,0.1245977104501729,0.0,0.0,0.00839253234127,0.0,0.0,0.0,0.0,0.0,
ASHP,cooling,8,0.0,0.0,0.0001159294370363,0.0,0.0,0.0,0.0,0.0,0.0,0.0,0.0,0.0,0.0,0.0,0.0,0.0,0.0038943567032509,0.0,0.0,0.7096094185925795,0.0,0.0,0.007149635254043,0.0869739418123232,0.1922567182007669,
ASHP,cooling,9,0.0,0.0,0.0,0.0,0.0,0.0,0.0,0.0,0.0,0.0,0.0,0.0,0.0,0.0,0.0,0.0,0.0,0.0,0.0,0.0104936661579276,0.2098420669550172,0.4517843757770626,0.3278798911099925,0.0,0.0,
comm_GSHP-cool,cooling,1,0.0,0.0,0.0,0.0,0.0,0.0,1.0,0.0,0.0,0.0,0.0,0.0,0.0,0.0,0.0,0.0,0.0,0.0,0.0,0.0,0.0,0.0,0.0,0.0,0.0,
comm_GSHP-cool,cooling,2,0.0,0.0,0.0,0.0,0.0,0.0,0.0,0.6563839550680355,0.2278294058165351,0.0914695580810856,0.0243170810343437,0.0,0.0,0.0,0.0,0.0,0.0,0.0,0.0,0.0,0.0,0.0,0.0,0.0,0.0,
comm_GSHP-cool,cooling,3,0.0,0.0,0.135388102700734,0.2561969381955373,0.0372306501188126,0.0,0.0,0.0,0.0,0.0,0.3850684558132609,0.1861158531716551,0.0,0.0,0.0,0.0,0.0,0.0,0.0,0.0,0.0,0.0,0.0,0.0,0.0,
comm_GSHP-cool,cooling,4,0.0,0.0,0.169945018744976,0.2977047350647578,0.0,0.0,0.0,0.0,0.0,0.0,0.0,0.0,0.0,0.0,0.0,0.0,0.0,0.3088986738650015,0.2201265979910817,0.0,0.0,0.0,0.0,0.0033249743341829,0.0,
comm_GSHP-cool,cooling,5,0.0,0.5953571726416799,0.0,0.0,0.0,0.0,0.0,0.0,0.0,0.0558973281544985,0.0115202755212385,0.0,0.0600351564983708,0.2138666551981013,0.0633234119861108,0.0,0.0,0.0,0.0,0.0,0.0,0.0,0.0,0.0,0.0,
comm_GSHP-cool,cooling,6,0.0,0.0,0.0,0.0,0.0,0.0582663135079018,0.0,0.0,0.0,0.0,0.0222009161104259,0.0,0.0,0.0,0.4355168861505793,0.484015884231093,0.0,0.0,0.0,0.0,0.0,0.0,0.0,0.0,0.0,
comm_GSHP-cool,cooling,7,0.7516990785435582,0.0,0.0,0.0,0.0,0.1407795687162726,0.0,0.0,0.0,0.0,0.0,0.0,0.0,0.0,0.0,0.0,0.1075213527401691,0.0,0.0,0.0,0.0,0.0,0.0,0.0,0.0,
comm_GSHP-cool,cooling,8,0.0,0.0,0.0,0.0,0.0,0.0,0.0,0.0,0.0,0.0,0.0,0.0,0.0,0.0,0.0,0.0,0.0,0.0,0.0,0.8789195279775607,0.0,0.0,0.0181930497519611,0.0965829183229079,0.0063045039475702,
comm_GSHP-cool,cooling,9,0.0,0.0,0.0,0.0,0.0,0.0,0.0,0.0,0.0,0.0,0.0,0.0,0.0,0.0,0.0,0.0,0.0,0.0,0.0,0.0,0.0,0.0,1.0,0.0,0.0,
electric_res-heat,heating,1,0.0,0.0,0.0,0.0,0.0,0.0,1.0,0.0,0.0,0.0,0.0,0.0,0.0,0.0,0.0,0.0,0.0,0.0,0.0,0.0,0.0,0.0,0.0,0.0,0.0,
electric_res-heat,heating,2,0.0,0.0,0.0,0.0,0.0,0.0,0.0,0.1811099508652507,0.217458893973353,0.5206751530194804,0.0807560021419158,0.0,0.0,0.0,0.0,0.0,0.0,0.0,0.0,0.0,0.0,0.0,0.0,0.0,0.0,
electric_res-heat,heating,3,0.0,0.0,0.1385993376515233,0.189310839725993,0.1198432779993747,0.0,0.0,0.0,0.0,0.0,0.3757842659232809,0.1764622786998278,0.0,0.0,0.0,0.0,0.0,0.0,0.0,0.0,0.0,0.0,0.0,0.0,0.0,
electric_res-heat,heating,4,0.0,0.0,0.3590228176478957,0.1648811443075058,0.0,0.0,0.0,0.0,0.0,0.0,0.0,0.0,0.0,0.0,0.0,0.0,0.0,0.2326011087021669,0.2421879378852307,0.0,0.0,0.0,0.0,0.0013069914572007,0.0,
electric_res-heat,heating,5,0.0,0.1208175440104873,0.0,0.0,0.0,0.0,0.0,0.0,0.0,0.1186998057333178,0.1231615135004978,0.0,0.1906036067978029,0.3081209407172116,0.1332429237811462,0.0053536654595361,0.0,0.0,0.0,0.0,0.0,0.0,0.0,0.0,0.0,
electric_res-heat,heating,6,0.0,0.0,0.0,0.0,0.0,0.0472288535283031,0.0,0.0,0.0,0.0,0.0307519021092717,0.0,0.0,0.0,0.1685137311293083,0.7535055132331167,0.0,0.0,0.0,0.0,0.0,0.0,0.0,0.0,0.0,
electric_res-heat,heating,7,0.5844492069313765,0.0,0.0,0.0,0.0,0.1445551021469685,0.0,0.0,0.0,0.0,0.0,0.0,0.0,0.0,0.0,0.0,0.2684469785350858,0.0,0.0,0.0025487123865691,0.0,0.0,0.0,0.0,0.0,
electric_res-heat,heating,8,0.0,0.0,0.0013987723653548,0.0,0.0,0.0,0.0,0.0,0.0,0.0,0.0,0.0,0.0,0.0,0.0,0.0,0.0130073614295614,0.0,0.0003051541915685,0.1522803744036059,0.0,0.0,0.1189016207793483,0.3681246224274143,0.3459820944031464,
electric_res-heat,heating,9,0.0,0.0,0.0,0.0,0.0,0.0,0.0,0.0,0.0,0.0,0.0,0.0,0.0,0.0,0.0,0.0,0.0,0.0,0.0,0.0009252099985527,0.2011550232282986,0.2849805869458414,0.5129391798273072,0.0,0.0,
elec_boiler,heating,1,0.0,0.0,0.0,0.0,0.0,0.0,1.0,0.0,0.0,0.0,0.0,0.0,0.0,0.0,0.0,0.0,0.0,0.0,0.0,0.0,0.0,0.0,0.0,0.0,0.0,
elec_boiler,heating,2,0.0,0.0,0.0,0.0,0.0,0.0,0.0,0.1460614649735731,0.1837169141932758,0.5816826981453181,0.0885389226878329,0.0,0.0,0.0,0.0,0.0,0.0,0.0,0.0,0.0,0.0,0.0,0.0,0.0,0.0,
elec_boiler,heating,3,0.0,0.0,0.1183935949788945,0.2403190292209342,0.0759039517069045,0.0,0.0,0.0,0.0,0.0,0.4586218280798013,0.1067615960134654,0.0,0.0,0.0,0.0,0.0,0.0,0.0,0.0,0.0,0.0,0.0,0.0,0.0,
elec_boiler,heating,4,0.0,0.0,0.3572782858212046,0.1597446643393706,0.0,0.0,0.0,0.0,0.0,0.0,0.0,0.0,0.0,0.0,0.0,0.0,0.0,0.259109763440652,0.2222969865416673,0.0,0.0,0.0,0.0,0.0015702998571052,0.0,
elec_boiler,heating,5,0.0,0.156442822714947,0.0,0.0,0.0,0.0,0.0,0.0,0.0,0.1016447101830748,0.1112614945778596,0.0,0.1800602534137873,0.3086253048742285,0.1377214087492403,0.0042440054868622,0.0,0.0,0.0,0.0,0.0,0.0,0.0,0.0,0.0,
elec_boiler,heating,6,0.0,0.0,0.0,0.0,0.0,0.0431313447922486,0.0,0.0,0.0,0.0,0.0275932627371131,0.0,0.0,0.0,0.198729214570425,0.7305461779002131,0.0,0.0,0.0,0.0,0.0,0.0,0.0,0.0,0.0,
elec_boiler,heating,7,0.6488212944386486,0.0,0.0,0.0,0.0,0.1556207470516493,0.0,0.0,0.0,0.0,0.0,0.0,0.0,0.0,0.0,0.0,0.1913197093448843,0.0,0.0,0.0042382491648175,0.0,0.0,0.0,0.0,0.0,
elec_boiler,heating,8,0.0,0.0,0.0,0.0,0.0,0.0,0.0,0.0,0.0,0.0,0.0,0.0,0.0,0.0,0.0,0.0,0.009475707230561,0.0,0.0054250670217601,0.1974720165042012,0.0,0.0,0.0969397186992251,0.3580877834580284,0.3325997070862242,
elec_boiler,heating,9,0.0,0.0,0.0,0.0,0.0,0.0,0.0,0.0,0.0,0.0,0.0,0.0,0.0,0.0,0.0,0.0,0.0,0.0,0.0,0.0041885251672745,0.3223775160694403,0.3973201840920553,0.2761137746712298,0.0,0.0,
rooftop_ASHP-heat,heating,1,0.0,0.0,0.0,0.0,0.0,0.0,1.0,0.0,0.0,0.0,0.0,0.0,0.0,0.0,0.0,0.0,0.0,0.0,0.0,0.0,0.0,0.0,0.0,0.0,0.0,
rooftop_ASHP-heat,heating,2,0.0,0.0,0.0,0.0,0.0,0.0,0.0,0.1499295449517771,0.2697501759894457,0.5081615581699943,0.0721587208887829,0.0,0.0,0.0,0.0,0.0,0.0,0.0,0.0,0.0,0.0,0.0,0.0,0.0,0.0,
rooftop_ASHP-heat,heating,3,0.0,0.0,0.1625953971610744,0.171194736040451,0.1005295523908464,0.0,0.0,0.0,0.0,0.0,0.3980610485325451,0.1676192658750828,0.0,0.0,0.0,0.0,0.0,0.0,0.0,0.0,0.0,0.0,0.0,0.0,0.0,
rooftop_ASHP-heat,heating,4,0.0,0.0,0.3887853995820566,0.1418682672692303,0.0,0.0,0.0,0.0,0.0,0.0,0.0,0.0,0.0,0.0,0.0,0.0,0.0,0.1716655964617414,0.2917547821502838,0.0,0.0,0.0,0.0,0.0059259545366878,0.0,
rooftop_ASHP-heat,heating,5,0.0,0.0690743239639612,0.0,0.0,0.0,0.0,0.0,0.0,0.0,0.1361529584468786,0.1428923922841209,0.0,0.1890509649214696,0.334961624641941,0.1229064118598911,0.0049613238817373,0.0,0.0,0.0,0.0,0.0,0.0,0.0,0.0,0.0,
rooftop_ASHP-heat,heating,6,0.0,0.0,0.0,0.0,0.0,0.0416965008592684,0.0,0.0,0.0,0.0,0.0226164477041569,0.0,0.0,0.0,0.145934738085105,0.7897523133514696,0.0,0.0,0.0,0.0,0.0,0.0,0.0,0.0,0.0,
rooftop_ASHP-heat,heating,7,0.4969016202644291,0.0,0.0,0.0,0.0,0.1854745637399008,0.0,0.0,0.0,0.0,0.0,0.0,0.0,0.0,0.0,0.0,0.3136507953214901,0.0,0.0,0.0039730206741799,0.0,0.0,0.0,0.0,0.0,
rooftop_ASHP-heat,heating,8,0.0,0.0,0.0019513774103376,0.0,0.0,0.0,0.0,0.0,0.0,0.0,0.0,0.0,0.0,0.0,0.0,0.0,0.0056347555831198,0.0,0.0,0.0890403662515263,0.0,0.0,0.1287308491930953,0.4265411604645348,0.3481014910973858,
rooftop_ASHP-heat,heating,9,0.0,0.0,0.0,0.0,0.0,0.0,0.0,0.0,0.0,0.0,0.0,0.0,0.0,0.0,0.0,0.0,0.0,0.0,0.0,0.0001012468905802,0.1848328397440871,0.3131958918701861,0.5018700214951466,0.0,0.0,
comm_GSHP-heat,heating,1,0.0,0.0,0.0,0.0,0.0,0.0,1.0,0.0,0.0,0.0,0.0,0.0,0.0,0.0,0.0,0.0,0.0,0.0,0.0,0.0,,,0.0,0.0,0.0,
comm_GSHP-heat,heating,2,0.0,0.0,0.0,0.0,0.0,0.0,0.0,0.497179951283806,0.4285800031388538,0.0557488503578441,0.0184911952194959,0.0,0.0,0.0,0.0,0.0,0.0,0.0,0.0,0.0,,,0.0,0.0,0.0,
comm_GSHP-heat,heating,3,0.0,0.0,0.2455837114039205,0.1749824374940522,0.0344684896031034,0.0,0.0,0.0,0.0,0.0,0.3433305069371453,0.2016348545617785,0.0,0.0,0.0,0.0,0.0,0.0,0.0,0.0,,,0.0,0.0,0.0,
comm_GSHP-heat,heating,4,0.0,0.0,0.2685274420993054,0.1474851657618833,0.0,0.0,0.0,0.0,0.0,0.0,0.0,0.0,0.0,0.0,0.0,0.0,0.0,0.2068901365615207,0.3681828820764954,0.0,,,0.0,0.008914373500795,0.0,
comm_GSHP-heat,heating,5,0.0,0.1548196345694933,0.0,0.0,0.0,0.0,0.0,0.0,0.0,0.1751189971682483,0.0449810030626408,0.0,0.1400129172037465,0.3950867608316966,0.0899806871641742,0.0,0.0,0.0,0.0,0.0,,,0.0,0.0,0.0,
comm_GSHP-heat,heating,6,0.0,0.0,0.0,0.0,0.0,0.0573602197610429,0.0,0.0,0.0,0.0,0.0422830897728674,0.0,0.0,0.0,0.2392711539560899,0.6610855365099997,0.0,0.0,0.0,0.0,,,0.0,0.0,0.0,
comm_GSHP-heat,heating,7,0.595178811353178,0.0,0.0,0.0,0.0,0.1514601192765819,0.0,0.0,0.0,0.0,0.0,0.0,0.0,0.0,0.0,0.0,0.2533610693702401,0.0,0.0,0.0,,,0.0,0.0,0.0,
comm_GSHP-heat,heating,8,0.0,0.0,0.0,0.0,0.0,0.0,0.0,0.0,0.0,0.0,0.0,0.0,0.0,0.0,0.0,0.0,0.0,0.0,0.0,0.1808293785819583,,,0.3404057488817865,0.4717423466786049,0.0070225258576501,
comm_GSHP-heat,heating,9,0.0,0.0,0.0,0.0,0.0,0.0,0.0,0.0,0.0,0.0,0.0,0.0,0.0,0.0,0.0,0.0,0.0,0.0,0.0,0.0,,,1.0,0.0,0.0,
all,water heating,1,0.0,0.0,0.0,0.0,0.0,0.0,1.0,0.0,0.0,0.0,0.0,0.0,0.0,0.0,0.0,0.0,0.0,0.0,0.0,0.0,0.0,0.0,0.0,0.0,0.0,0.0
all,water heating,2,0.0,0.0,0.0,0.0,0.0,0.0,0.0,0.2434257745337153,0.2018311270261353,0.4740921368902071,0.0806509615499422,0.0,0.0,0.0,0.0,0.0,0.0,0.0,0.0,0.0,0.0,0.0,0.0,0.0,0.0,0.0
all,water heating,3,0.0,0.0,0.1464870271475243,0.1445609027688234,0.158619071318665,0.0,0.0,0.0,0.0,0.0,0.3226577865308243,0.227675212234163,0.0,0.0,0.0,0.0,0.0,0.0,0.0,0.0,0.0,0.0,0.0,0.0,0.0,0.0
all,water heating,4,0.0,0.0,0.3963971055284073,0.1644318681049872,0.0,0.0,0.0,0.0,0.0,0.0,0.0,0.0,0.0,0.0,0.0,0.0,0.0,0.2444055913051733,0.1930102477230963,0.0,0.0,0.0,0.0,0.0017551873383357,0.0,0.0
all,water heating,5,0.0,0.3812966611431631,0.0,0.0,0.0,0.0,0.0,0.0,0.0,0.0625051017206357,0.0735243908954919,0.0,0.1186148507508939,0.2109281120673498,0.1505006616181636,0.0026302218043018,0.0,0.0,0.0,0.0,0.0,0.0,0.0,0.0,0.0,0.0
all,water heating,6,0.0,0.0,0.0,0.0,0.0,0.0842897783159158,0.0,0.0,0.0,0.0,0.0273728277740864,0.0,0.0,0.0,0.2609563970329202,0.6273809968770775,0.0,0.0,0.0,0.0,0.0,0.0,0.0,0.0,0.0,0.0
all,water heating,7,0.6468920106757053,0.0,0.0,0.0,0.0,0.1792685667972966,0.0,0.0,0.0,0.0,0.0,0.0,0.0,0.0,0.0,0.0,0.1560322847181273,0.0,0.0,0.0178071378088706,0.0,0.0,0.0,0.0,0.0,0.0
all,water heating,8,0.0,0.0,6.826892852770148e-05,0.0,0.0,0.0,0.0,0.0,0.0,0.0,0.0,0.0,0.0,0.0,0.0,0.0,0.0096290964606871,0.0,0.0014264914727871,0.3322282021508538,0.0,0.0,0.0447647960341241,0.2555321794947782,0.3563509654582418,0.0
all,water heating,9,0.0,0.0,0.0,0.0,0.0,0.0,0.0,0.0,0.0,0.0,0.0,0.0,0.0,0.0,0.0,0.0,0.0,0.0,0.0,0.0014641172680467,0.2561880327784892,0.3937631190883878,0.2851670464744263,0.0,0.0,0.0634176843906499
all,fans and pumps,1,0.0,0.0,0.0,0.0,0.0,0.0,1.0,0.0,0.0,0.0,0.0,0.0,0.0,0.0,0.0,0.0,0.0,0.0,0.0,0.0,0.0,0.0,0.0,0.0,0.0,0.0
all,fans and pumps,2,0.0,0.0,0.0,0.0,0.0,0.0,0.0,0.2725799570675262,0.1756150103577223,0.4660836302461809,0.0857214023285706,0.0,0.0,0.0,0.0,0.0,0.0,0.0,0.0,0.0,0.0,0.0,0.0,0.0,0.0,0.0
all,fans and pumps,3,0.0,0.0,0.1222886146738962,0.1523541267789165,0.1778218085136149,0.0,0.0,0.0,0.0,0.0,0.3269745393557377,0.2205609106778345,0.0,0.0,0.0,0.0,0.0,0.0,0.0,0.0,0.0,0.0,0.0,0.0,0.0,0.0
all,fans and pumps,4,0.0,0.0,0.3450511566882022,0.1836842750805135,0.0,0.0,0.0,0.0,0.0,0.0,0.0,0.0,0.0,0.0,0.0,0.0,0.0,0.3032713554221267,0.1660070591095047,0.0,0.0,0.0,0.0,0.0019861536996528,0.0,0.0
all,fans and pumps,5,0.0,0.3217399434396323,0.0,0.0,0.0,0.0,0.0,0.0,0.0,0.0742579733534542,0.0692441886124514,0.0,0.127341580991424,0.2273795745647863,0.1785103097430455,0.001526429295206,0.0,0.0,0.0,0.0,0.0,0.0,0.0,0.0,0.0,0.0
all,fans and pumps,6,0.0,0.0,0.0,0.0,0.0,0.089574136678204,0.0,0.0,0.0,0.0,0.0210991923575649,0.0,0.0,0.0,0.2624547715217456,0.6268718994424854,0.0,0.0,0.0,0.0,0.0,0.0,0.0,0.0,0.0,0.0
all,fans and pumps,7,0.634561487494668,0.0,0.0,0.0,0.0,0.1575888498563021,0.0,0.0,0.0,0.0,0.0,0.0,0.0,0.0,0.0,0.0,0.1808656659091186,0.0,0.0,0.026983996739911,0.0,0.0,0.0,0.0,0.0,0.0
all,fans and pumps,8,0.0,0.0,0.0001112596991548,0.0,0.0,0.0,0.0,0.0,0.0,0.0,0.0,0.0,0.0,0.0,0.0,0.0,0.0082414658180325,0.0,0.0009619058183171,0.3636761098698198,0.0,0.0,0.0337772122645587,0.2512429818812519,0.3419890646488649,0.0
all,fans and pumps,9,0.0,0.0,0.0,0.0,0.0,0.0,0.0,0.0,0.0,0.0,0.0,0.0,0.0,0.0,0.0,0.0,0.0,0.0,0.0,0.0025543595366681,0.307346619546177,0.5065100539708949,0.1508405374202779,0.0,0.0,0.0327484295259819
all,lighting,1,0.0,0.0,0.0,0.0,0.0,0.0,1.0,0.0,0.0,0.0,0.0,0.0,0.0,0.0,0.0,0.0,0.0,0.0,0.0,0.0,0.0,0.0,0.0,0.0,0.0,0.0
all,lighting,2,0.0,0.0,0.0,0.0,0.0,0.0,0.0,0.234542231751994,0.1857794144157514,0.4970101216529349,0.0826682321793196,0.0,0.0,0.0,0.0,0.0,0.0,0.0,0.0,0.0,0.0,0.0,0.0,0.0,0.0,0.0
all,lighting,3,0.0,0.0,0.1241911527031973,0.1491631203272996,0.1826221236837925,0.0,0.0,0.0,0.0,0.0,0.3352262500457122,0.2087973532399983,0.0,0.0,0.0,0.0,0.0,0.0,0.0,0.0,0.0,0.0,0.0,0.0,0.0,0.0
all,lighting,4,0.0,0.0,0.353150829438724,0.1796318500145404,0.0,0.0,0.0,0.0,0.0,0.0,0.0,0.0,0.0,0.0,0.0,0.0,0.0,0.3168285679084044,0.1489462066353444,0.0,0.0,0.0,0.0,0.0014425460029865,0.0,0.0
all,lighting,5,0.0,0.3049251924995206,0.0,0.0,0.0,0.0,0.0,0.0,0.0,0.0758656867384849,0.0687902101580795,0.0,0.1256288123541977,0.240553887506782,0.182730336487915,0.0015058742550201,0.0,0.0,0.0,0.0,0.0,0.0,0.0,0.0,0.0,0.0
all,lighting,6,0.0,0.0,0.0,0.0,0.0,0.0813821993203022,0.0,0.0,0.0,0.0,0.0183034676169274,0.0,0.0,0.0,0.2424108602469862,0.657903472815784,0.0,0.0,0.0,0.0,0.0,0.0,0.0,0.0,0.0,0.0
all,lighting,7,0.6320634344765288,0.0,0.0,0.0,0.0,0.1627561901100564,0.0,0.0,0.0,0.0,0.0,0.0,0.0,0.0,0.0,0.0,0.1821390569954565,0.0,0.0,0.0230413184179581,0.0,0.0,0.0,0.0,0.0,0.0
all,lighting,8,0.0,0.0,0.0001187674084083,0.0,0.0,0.0,0.0,0.0,0.0,0.0,0.0,0.0,0.0,0.0,0.0,0.0,0.0079305330714987,0.0,0.0009356991597091,0.3484444648833795,0.0,0.0,0.0370761187700615,0.2478515944653919,0.3576428222415508,0.0
all,lighting,9,0.0,0.0,0.0,0.0,0.0,0.0,0.0,0.0,0.0,0.0,0.0,0.0,0.0,0.0,0.0,0.0,0.0,0.0,0.0,0.0016949338812258,0.2547509645518812,0.4055371601671645,0.288921910213076,0.0,0.0,0.0490950311866522
all,refrigeration,1,0.0,0.0,0.0,0.0,0.0,0.0,1.0,0.0,0.0,0.0,0.0,0.0,0.0,0.0,0.0,0.0,0.0,0.0,0.0,0.0,0.0,0.0,0.0,0.0,0.0,0.0
all,refrigeration,2,0.0,0.0,0.0,0.0,0.0,0.0,0.0,0.1932112316183079,0.2359990037555598,0.4768339811269496,0.0939557834991825,0.0,0.0,0.0,0.0,0.0,0.0,0.0,0.0,0.0,0.0,0.0,0.0,0.0,0.0,0.0
all,refrigeration,3,0.0,0.0,0.1630732358175946,0.1743345481383565,0.1929517088118462,0.0,0.0,0.0,0.0,0.0,0.3217175777413694,0.147922929490833,0.0,0.0,0.0,0.0,0.0,0.0,0.0,0.0,0.0,0.0,0.0,0.0,0.0,0.0
all,refrigeration,4,0.0,0.0,0.3376007691458415,0.1332163251110101,0.0,0.0,0.0,0.0,0.0,0.0,0.0,0.0,0.0,0.0,0.0,0.0,0.0,0.2840222176627765,0.2403002189639559,0.0,0.0,0.0,0.0,0.0048604691164157,0.0,0.0
all,refrigeration,5,0.0,0.3036189117824168,0.0,0.0,0.0,0.0,0.0,0.0,0.0,0.0741207918290098,0.0748881889352965,0.0,0.1121545925068439,0.2477244603332826,0.1844838858501314,0.0030091687630188,0.0,0.0,0.0,0.0,0.0,0.0,0.0,0.0,0.0,0.0
all,refrigeration,6,0.0,0.0,0.0,0.0,0.0,0.0883590303919787,0.0,0.0,0.0,0.0,0.0226180286018145,0.0,0.0,0.0,0.2779141069183629,0.6111088340878438,0.0,0.0,0.0,0.0,0.0,0.0,0.0,0.0,0.0,0.0
all,refrigeration,7,0.5679685640611839,0.0,0.0,0.0,0.0,0.1847774254672377,0.0,0.0,0.0,0.0,0.0,0.0,0.0,0.0,0.0,0.0,0.2287975760011691,0.0,0.0,0.0184564344704093,0.0,0.0,0.0,0.0,0.0,0.0
all,refrigeration,8,0.0,0.0,0.0013244504539563,0.0,0.0,0.0,0.0,0.0,0.0,0.0,0.0,0.0,0.0,0.0,0.0,0.0,0.0155895694732371,0.0,0.0055556718335139,0.3502878280044035,0.0,0.0,0.077629640771543,0.2490382449777185,0.3005745944856274,0.0
all,refrigeration,9,0.0,0.0,0.0,0.0,0.0,0.0,0.0,0.0,0.0,0.0,0.0,0.0,0.0,0.0,0.0,0.0,0.0,0.0,0.0,0.0030890066218141,0.2525779477014289,0.3418855732957654,0.3443802578871886,0.0,0.0,0.0580672144938027
all,misc,1,0.0,0.0,0.0,0.0,0.0,0.0,1.0,0.0,0.0,0.0,0.0,0.0,0.0,0.0,0.0,0.0,0.0,0.0,0.0,0.0,0.0,0.0,0.0,0.0,0.0,0.0
all,misc,2,0.0,0.0,0.0,0.0,0.0,0.0,0.0,0.283371184312162,0.1632543535408028,0.4766275456750267,0.0767469164720082,0.0,0.0,0.0,0.0,0.0,0.0,0.0,0.0,0.0,0.0,0.0,0.0,0.0,0.0,0.0
all,misc,3,0.0,0.0,0.1222652837440388,0.1438864193588495,0.1683914167348407,0.0,0.0,0.0,0.0,0.0,0.3341061142548573,0.2313507659074135,0.0,0.0,0.0,0.0,0.0,0.0,0.0,0.0,0.0,0.0,0.0,0.0,0.0,0.0
all,misc,4,0.0,0.0,0.3714724056428929,0.1681189041317482,0.0,0.0,0.0,0.0,0.0,0.0,0.0,0.0,0.0,0.0,0.0,0.0,0.0,0.3204935660332876,0.1388457035369077,0.0,0.0,0.0,0.0,0.0010694206551633,0.0,0.0
all,misc,5,0.0,0.3017932160087646,0.0,0.0,0.0,0.0,0.0,0.0,0.0,0.0788593396431902,0.0651238430872447,0.0,0.1406921632000161,0.2305948071966404,0.1816410095607085,0.0012956213034353,0.0,0.0,0.0,0.0,0.0,0.0,0.0,0.0,0.0,0.0
all,misc,6,0.0,0.0,0.0,0.0,0.0,0.0840175720764352,0.0,0.0,0.0,0.0,0.0194983214592663,0.0,0.0,0.0,0.2343785050543103,0.6621056014099882,0.0,0.0,0.0,0.0,0.0,0.0,0.0,0.0,0.0,0.0
all,misc,7,0.6710270102585646,0.0,0.0,0.0,0.0,0.1425544153061277,0.0,0.0,0.0,0.0,0.0,0.0,0.0,0.0,0.0,0.0,0.1663888826945437,0.0,0.0,0.0200296917407639,0.0,0.0,0.0,0.0,0.0,0.0
all,misc,8,0.0,0.0,9.799095665032146e-05,0.0,0.0,0.0,0.0,0.0,0.0,0.0,0.0,0.0,0.0,0.0,0.0,0.0,0.0061451447973217,0.0,0.0011192938962977,0.3334794897880018,0.0,0.0,0.0352445474048718,0.2777304336862063,0.3461830994706503,0.0
all,misc,9,0.0,0.0,0.0,0.0,0.0,0.0,0.0,0.0,0.0,0.0,0.0,0.0,0.0,0.0,0.0,0.0,0.0,0.0,0.0,0.0017727042518386,0.2889117813799515,0.4434899082868005,0.2297666550665943,0.0,0.0,0.0360589510148149
