Technology,End use,CDIV,AL,AR,AZ,CA,CO,CT,DC,DE,FL,GA,IA,ID,IL,IN,KS,KY,LA,MA,MD,ME,MI,MN,MO,MS,MT,NC,ND,NE,NH,NJ,NM,NV,NY,OH,OK,OR,PA,RI,SC,SD,TN,TX,UT,VA,VT,WA,WI,WV,WY,AK,HI
rooftop_AC,cooling,1,0.0,0.0,0.0,0.0,0.0,0.280344856677469,0.0,0.0,0.0,0.0,0.0,0.0,0.0,0.0,0.0,0.0,0.0,0.472608460191696,0.0,0.0655205177027555,0.0,0.0,0.0,0.0,0.0,0.0,0.0,0.0,0.0807550324232882,0.0,0.0,0.0,0.0,0.0,0.0,0.0,0.0,0.0806344936805899,0.0,0.0,0.0,0.0,0.0,0.0,0.0201366393242011,0.0,0.0,0.0,0.0,0.0,0.0
rooftop_AC,cooling,2,0.0,0.0,0.0,0.0,0.0,0.0,0.0,0.0,0.0,0.0,0.0,0.0,0.0,0.0,0.0,0.0,0.0,0.0,0.0,0.0,0.0,0.0,0.0,0.0,0.0,0.0,0.0,0.0,0.0,0.2525918145920993,0.0,0.0,0.4162390419020317,0.0,0.0,0.0,0.331169143505869,0.0,0.0,0.0,0.0,0.0,0.0,0.0,0.0,0.0,0.0,0.0,0.0,0.0,0.0
rooftop_AC,cooling,3,0.0,0.0,0.0,0.0,0.0,0.0,0.0,0.0,0.0,0.0,0.0,0.0,0.2708002923361807,0.1607207424121859,0.0,0.0,0.0,0.0,0.0,0.0,0.1721129989882144,0.0,0.0,0.0,0.0,0.0,0.0,0.0,0.0,0.0,0.0,0.0,0.0,0.3014447665295608,0.0,0.0,0.0,0.0,0.0,0.0,0.0,0.0,0.0,0.0,0.0,0.0,0.094921199733858,0.0,0.0,0.0,0.0
rooftop_AC,cooling,4,0.0,0.0,0.0,0.0,0.0,0.0,0.0,0.0,0.0,0.0,0.1082326456025358,0.0,0.0,0.0,0.1744273772117855,0.0,0.0,0.0,0.0,0.0,0.0,0.1796692449368205,0.4288302541694334,0.0,0.0,0.0,0.0173476686779921,0.0729363641604867,0.0,0.0,0.0,0.0,0.0,0.0,0.0,0.0,0.0,0.0,0.0,0.0185564452409457,0.0,0.0,0.0,0.0,0.0,0.0,0.0,0.0,0.0,0.0,0.0
rooftop_AC,cooling,5,0.0,0.0,0.0,0.0,0.0,0.0,0.0079301469883645,0.0097922939517872,0.4601239013394481,0.1515289050881267,0.0,0.0,0.0,0.0,0.0,0.0,0.0,0.0,0.0562748903698887,0.0,0.0,0.0,0.0,0.0,0.0,0.1300725767180729,0.0,0.0,0.0,0.0,0.0,0.0,0.0,0.0,0.0,0.0,0.0,0.0,0.0776470369905762,0.0,0.0,0.0,0.0,0.0885428509480684,0.0,0.0,0.0,0.0180873976056668,0.0,0.0,0.0
rooftop_AC,cooling,6,0.2867311893285901,0.0,0.0,0.0,0.0,0.0,0.0,0.0,0.0,0.0,0.0,0.0,0.0,0.0,0.0,0.1814759991514452,0.0,0.0,0.0,0.0,0.0,0.0,0.0,0.1631764692963956,0.0,0.0,0.0,0.0,0.0,0.0,0.0,0.0,0.0,0.0,0.0,0.0,0.0,0.0,0.0,0.0,0.368616342223569,0.0,0.0,0.0,0.0,0.0,0.0,0.0,0.0,0.0,0.0
rooftop_AC,cooling,7,0.0,0.0506183713801435,0.0,0.0,0.0,0.0,0.0,0.0,0.0,0.0,0.0,0.0,0.0,0.0,0.0,0.0,0.1333070395117178,0.0,0.0,0.0,0.0,0.0,0.0,0.0,0.0,0.0,0.0,0.0,0.0,0.0,0.0,0.0,0.0,0.0,0.077024383565592,0.0,0.0,0.0,0.0,0.0,0.0,0.7390502055425465,0.0,0.0,0.0,0.0,0.0,0.0,0.0,0.0,0.0
rooftop_AC,cooling,8,0.0,0.0,0.4725284047550838,0.0,0.124016243362019,0.0,0.0,0.0,0.0,0.0,0.0,0.0318614686059718,0.0,0.0,0.0,0.0,0.0,0.0,0.0,0.0,0.0,0.0,0.0,0.0,0.0085098184518695,0.0,0.0,0.0,0.0,0.0,0.0618697576624024,0.2079646210035096,0.0,0.0,0.0,0.0,0.0,0.0,0.0,0.0,0.0,0.0,0.085718809365636,0.0,0.0,0.0,0.0,0.0,0.0075308767935077,0.0,0.0
rooftop_AC,cooling,9,0.0,0.0,0.0,0.8902204272379843,0.0,0.0,0.0,0.0,0.0,0.0,0.0,0.0,0.0,0.0,0.0,0.0,0.0,0.0,0.0,0.0,0.0,0.0,0.0,0.0,0.0,0.0,0.0,0.0,0.0,0.0,0.0,0.0,0.0,0.0,0.0,0.0497584375190658,0.0,0.0,0.0,0.0,0.0,0.0,0.0,0.0,0.0,0.0600211352429497,0.0,0.0,0.0,0.0,0.0
chiller,cooling,1,0.0,0.0,0.0,0.0,0.0,0.2538618665929278,0.0,0.0,0.0,0.0,0.0,0.0,0.0,0.0,0.0,0.0,0.0,0.5466288870268914,0.0,0.0716552611016359,0.0,0.0,0.0,0.0,0.0,0.0,0.0,0.0,0.038822103228451,0.0,0.0,0.0,0.0,0.0,0.0,0.0,0.0,0.0662414726970849,0.0,0.0,0.0,0.0,0.0,0.0,0.0227904093530089,0.0,0.0,0.0,0.0,0.0,0.0
chiller,cooling,2,0.0,0.0,0.0,0.0,0.0,0.0,0.0,0.0,0.0,0.0,0.0,0.0,0.0,0.0,0.0,0.0,0.0,0.0,0.0,0.0,0.0,0.0,0.0,0.0,0.0,0.0,0.0,0.0,0.0,0.2276819023878833,0.0,0.0,0.5081900264693963,0.0,0.0,0.0,0.2641280711427205,0.0,0.0,0.0,0.0,0.0,0.0,0.0,0.0,0.0,0.0,0.0,0.0,0.0,0.0
chiller,cooling,3,0.0,0.0,0.0,0.0,0.0,0.0,0.0,0.0,0.0,0.0,0.0,0.0,0.3268325486098494,0.1601082099081081,0.0,0.0,0.0,0.0,0.0,0.0,0.1815417768141935,0.0,0.0,0.0,0.0,0.0,0.0,0.0,0.0,0.0,0.0,0.0,0.0,0.2460497484024643,0.0,0.0,0.0,0.0,0.0,0.0,0.0,0.0,0.0,0.0,0.0,0.0,0.0854677162653844,0.0,0.0,0.0,0.0
chiller,cooling,4,0.0,0.0,0.0,0.0,0.0,0.0,0.0,0.0,0.0,0.0,0.1095264422998073,0.0,0.0,0.0,0.1936953328881647,0.0,0.0,0.0,0.0,0.0,0.0,0.2068959006974052,0.3654546024166697,0.0,0.0,0.0,0.019186106096261,0.0789521402135954,0.0,0.0,0.0,0.0,0.0,0.0,0.0,0.0,0.0,0.0,0.0,0.0262894753880965,0.0,0.0,0.0,0.0,0.0,0.0,0.0,0.0,0.0,0.0,0.0
chiller,cooling,5,0.0,0.0,0.0,0.0,0.0,0.0,0.0425459566722765,0.0169683173011858,0.3266849601532153,0.1746950389139422,0.0,0.0,0.0,0.0,0.0,0.0,0.0,0.0,0.0832238683357339,0.0,0.0,0.0,0.0,0.0,0.0,0.1397820661624992,0.0,0.0,0.0,0.0,0.0,0.0,0.0,0.0,0.0,0.0,0.0,0.0,0.0611571143091738,0.0,0.0,0.0,0.0,0.126559014954873,0.0,0.0,0.0,0.0283836631970999,0.0,0.0,0.0
chiller,cooling,6,0.2560867130026799,0.0,0.0,0.0,0.0,0.0,0.0,0.0,0.0,0.0,0.0,0.0,0.0,0.0,0.0,0.2020864192970371,0.0,0.0,0.0,0.0,0.0,0.0,0.0,0.178445681444802,0.0,0.0,0.0,0.0,0.0,0.0,0.0,0.0,0.0,0.0,0.0,0.0,0.0,0.0,0.0,0.0,0.3633811862554807,0.0,0.0,0.0,0.0,0.0,0.0,0.0,0.0,0.0,0.0
chiller,cooling,7,0.0,0.0382343009608043,0.0,0.0,0.0,0.0,0.0,0.0,0.0,0.0,0.0,0.0,0.0,0.0,0.0,0.0,0.1209720038513003,0.0,0.0,0.0,0.0,0.0,0.0,0.0,0.0,0.0,0.0,0.0,0.0,0.0,0.0,0.0,0.0,0.0,0.0816016391991221,0.0,0.0,0.0,0.0,0.0,0.0,0.7591920559887733,0.0,0.0,0.0,0.0,0.0,0.0,0.0,0.0,0.0
chiller,cooling,8,0.0,0.0,0.4178630024215587,0.0,0.1703763562483984,0.0,0.0,0.0,0.0,0.0,0.0,0.0396074541747377,0.0,0.0,0.0,0.0,0.0,0.0,0.0,0.0,0.0,0.0,0.0,0.0,0.0176341916003697,0.0,0.0,0.0,0.0,0.0,0.0682822797299907,0.1903315347932817,0.0,0.0,0.0,0.0,0.0,0.0,0.0,0.0,0.0,0.0,0.0835567770520413,0.0,0.0,0.0,0.0,0.0,0.0123484039796214,0.0,0.0
chiller,cooling,9,0.0,0.0,0.0,0.7546133396979792,0.0,0.0,0.0,0.0,0.0,0.0,0.0,0.0,0.0,0.0,0.0,0.0,0.0,0.0,0.0,0.0,0.0,0.0,0.0,0.0,0.0,0.0,0.0,0.0,0.0,0.0,0.0,0.0,0.0,0.0,0.0,0.0842156595023508,0.0,0.0,0.0,0.0,0.0,0.0,0.0,0.0,0.0,0.1611710007996699,0.0,0.0,0.0,0.0,0.0
rooftop_ASHP-cool,cooling,1,0.0,0.0,0.0,0.0,0.0,0.269638214494355,0.0,0.0,0.0,0.0,0.0,0.0,0.0,0.0,0.0,0.0,0.0,0.5038201970386226,0.0,0.0746374426983328,0.0,0.0,0.0,0.0,0.0,0.0,0.0,0.0,0.1185058647478365,0.0,0.0,0.0,0.0,0.0,0.0,0.0,0.0,0.0136823071109085,0.0,0.0,0.0,0.0,0.0,0.0,0.0197159739099444,0.0,0.0,0.0,0.0,0.0,0.0
rooftop_ASHP-cool,cooling,2,0.0,0.0,0.0,0.0,0.0,0.0,0.0,0.0,0.0,0.0,0.0,0.0,0.0,0.0,0.0,0.0,0.0,0.0,0.0,0.0,0.0,0.0,0.0,0.0,0.0,0.0,0.0,0.0,0.0,0.1274518527504379,0.0,0.0,0.5140821102613657,0.0,0.0,0.0,0.3584660369881964,0.0,0.0,0.0,0.0,0.0,0.0,0.0,0.0,0.0,0.0,0.0,0.0,0.0,0.0
rooftop_ASHP-cool,cooling,3,0.0,0.0,0.0,0.0,0.0,0.0,0.0,0.0,0.0,0.0,0.0,0.0,0.1901340135084194,0.2516923907365066,0.0,0.0,0.0,0.0,0.0,0.0,0.1081423707840397,0.0,0.0,0.0,0.0,0.0,0.0,0.0,0.0,0.0,0.0,0.0,0.0,0.3539849110058023,0.0,0.0,0.0,0.0,0.0,0.0,0.0,0.0,0.0,0.0,0.0,0.0,0.0960463139652319,0.0,0.0,0.0,0.0
rooftop_ASHP-cool,cooling,4,0.0,0.0,0.0,0.0,0.0,0.0,0.0,0.0,0.0,0.0,0.0759912292051375,0.0,0.0,0.0,0.1434864366771379,0.0,0.0,0.0,0.0,0.0,0.0,0.159442823186463,0.454269361790259,0.0,0.0,0.0,0.0190534134274907,0.1204885886856563,0.0,0.0,0.0,0.0,0.0,0.0,0.0,0.0,0.0,0.0,0.0,0.0272681470278554,0.0,0.0,0.0,0.0,0.0,0.0,0.0,0.0,0.0,0.0,0.0
rooftop_ASHP-cool,cooling,5,0.0,0.0,0.0,0.0,0.0,0.0,0.0041464616927595,0.0020469410516301,0.6356225364977317,0.0846811207057745,0.0,0.0,0.0,0.0,0.0,0.0,0.0,0.0,0.0264707221810135,0.0,0.0,0.0,0.0,0.0,0.0,0.101260581852931,0.0,0.0,0.0,0.0,0.0,0.0,0.0,0.0,0.0,0.0,0.0,0.0,0.0809154212923351,0.0,0.0,0.0,0.0,0.0557913600270179,0.0,0.0,0.0,0.0090648546988064,0.0,0.0,0.0
rooftop_ASHP-cool,cooling,6,0.2989240058966589,0.0,0.0,0.0,0.0,0.0,0.0,0.0,0.0,0.0,0.0,0.0,0.0,0.0,0.0,0.1302683396731287,0.0,0.0,0.0,0.0,0.0,0.0,0.0,0.185973360689744,0.0,0.0,0.0,0.0,0.0,0.0,0.0,0.0,0.0,0.0,0.0,0.0,0.0,0.0,0.0,0.0,0.3848342937404684,0.0,0.0,0.0,0.0,0.0,0.0,0.0,0.0,0.0,0.0
rooftop_ASHP-cool,cooling,7,0.0,0.0430800245120215,0.0,0.0,0.0,0.0,0.0,0.0,0.0,0.0,0.0,0.0,0.0,0.0,0.0,0.0,0.1030266216920957,0.0,0.0,0.0,0.0,0.0,0.0,0.0,0.0,0.0,0.0,0.0,0.0,0.0,0.0,0.0,0.0,0.0,0.1084445674718823,0.0,0.0,0.0,0.0,0.0,0.0,0.7454487863240006,0.0,0.0,0.0,0.0,0.0,0.0,0.0,0.0,0.0
rooftop_ASHP-cool,cooling,8,0.0,0.0,0.7136650309015448,0.0,0.0512290482699292,0.0,0.0,0.0,0.0,0.0,0.0,0.0156234372888687,0.0,0.0,0.0,0.0,0.0,0.0,0.0,0.0,0.0,0.0,0.0,0.0,0.0049215625873295,0.0,0.0,0.0,0.0,0.0,0.023158560530505,0.1724425089564702,0.0,0.0,0.0,0.0,0.0,0.0,0.0,0.0,0.0,0.0,0.0178737413179379,0.0,0.0,0.0,0.0,0.0,0.0010861101474144,0.0,0.0
rooftop_ASHP-cool,cooling,9,0.0,0.0,0.0,0.7463105995565066,0.0,0.0,0.0,0.0,0.0,0.0,0.0,0.0,0.0,0.0,0.0,0.0,0.0,0.0,0.0,0.0,0.0,0.0,0.0,0.0,0.0,0.0,0.0,0.0,0.0,0.0,0.0,0.0,0.0,0.0,0.0,0.1084928247659127,0.0,0.0,0.0,0.0,0.0,0.0,0.0,0.0,0.0,0.1451965756775806,0.0,0.0,0.0,0.0,0.0
comm_GSHP-cool,cooling,1,0.0,0.0,0.0,0.0,0.0,0.3786606740233541,0.0,0.0,0.0,0.0,0.0,0.0,0.0,0.0,0.0,0.0,0.0,0.4695059311994091,0.0,0.0378594140402939,0.0,0.0,0.0,0.0,0.0,0.0,0.0,0.0,0.0487329385601893,0.0,0.0,0.0,0.0,0.0,0.0,0.0,0.0,0.0293946374531601,0.0,0.0,0.0,0.0,0.0,0.0,0.0358464047235932,0.0,0.0,0.0,0.0,0.0,0.0
comm_GSHP-cool,cooling,2,0.0,0.0,0.0,0.0,0.0,0.0,0.0,0.0,0.0,0.0,0.0,0.0,0.0,0.0,0.0,0.0,0.0,0.0,0.0,0.0,0.0,0.0,0.0,0.0,0.0,0.0,0.0,0.0,0.0,0.1333018653793626,0.0,0.0,0.4524123486093752,0.0,0.0,0.0,0.4142857860112621,0.0,0.0,0.0,0.0,0.0,0.0,0.0,0.0,0.0,0.0,0.0,0.0,0.0,0.0
comm_GSHP-cool,cooling,3,0.0,0.0,0.0,0.0,0.0,0.0,0.0,0.0,0.0,0.0,0.0,0.0,0.3971739884047166,0.1298989429858601,0.0,0.0,0.0,0.0,0.0,0.0,0.046830699152436,0.0,0.0,0.0,0.0,0.0,0.0,0.0,0.0,0.0,0.0,0.0,0.0,0.3559266100006645,0.0,0.0,0.0,0.0,0.0,0.0,0.0,0.0,0.0,0.0,0.0,0.0,0.0701697594563227,0.0,0.0,0.0,0.0
comm_GSHP-cool,cooling,4,0.0,0.0,0.0,0.0,0.0,0.0,0.0,0.0,0.0,0.0,0.1745437493313985,0.0,0.0,0.0,0.2307683852903373,0.0,0.0,0.0,0.0,0.0,0.0,0.0909788160688406,0.3910815840283338,0.0,0.0,0.0,0.0112526059932443,0.0905123665215398,0.0,0.0,0.0,0.0,0.0,0.0,0.0,0.0,0.0,0.0,0.0,0.0108624927663055,0.0,0.0,0.0,0.0,0.0,0.0,0.0,0.0,0.0,0.0,0.0
comm_GSHP-cool,cooling,5,0.0,0.0,0.0,0.0,0.0,0.0,0.0143314176680811,0.0070335047742442,0.5541599063967103,0.0960365841582171,0.0,0.0,0.0,0.0,0.0,0.0,0.0,0.0,0.0520014463782133,0.0,0.0,0.0,0.0,0.0,0.0,0.1050558439965774,0.0,0.0,0.0,0.0,0.0,0.0,0.0,0.0,0.0,0.0,0.0,0.0,0.1145740583573108,0.0,0.0,0.0,0.0,0.0516216768356364,0.0,0.0,0.0,0.0051855614350088,0.0,0.0,0.0
comm_GSHP-cool,cooling,6,0.3908055642981485,0.0,0.0,0.0,0.0,0.0,0.0,0.0,0.0,0.0,0.0,0.0,0.0,0.0,0.0,0.1128145080705557,0.0,0.0,0.0,0.0,0.0,0.0,0.0,0.1900709096384671,0.0,0.0,0.0,0.0,0.0,0.0,0.0,0.0,0.0,0.0,0.0,0.0,0.0,0.0,0.0,0.0,0.3063090179928286,0.0,0.0,0.0,0.0,0.0,0.0,0.0,0.0,0.0,0.0
comm_GSHP-cool,cooling,7,0.0,0.0527557283176215,0.0,0.0,0.0,0.0,0.0,0.0,0.0,0.0,0.0,0.0,0.0,0.0,0.0,0.0,0.0728807332887031,0.0,0.0,0.0,0.0,0.0,0.0,0.0,0.0,0.0,0.0,0.0,0.0,0.0,0.0,0.0,0.0,0.0,0.0537372177937656,0.0,0.0,0.0,0.0,0.0,0.0,0.8206263205999097,0.0,0.0,0.0,0.0,0.0,0.0,0.0,0.0,0.0
comm_GSHP-cool,cooling,8,0.0,0.0,0.7142802988573033,0.0,0.1316223285039791,0.0,0.0,0.0,0.0,0.0,0.0,0.0232643261113759,0.0,0.0,0.0,0.0,0.0,0.0,0.0,0.0,0.0,0.0,0.0,0.0,0.0037510198889698,0.0,0.0,0.0,0.0,0.0,0.0341964313877856,0.0830490311417486,0.0,0.0,0.0,0.0,0.0,0.0,0.0,0.0,0.0,0.0,0.0086447553441152,0.0,0.0,0.0,0.0,0.0,0.0011918087647224,0.0,0.0
comm_GSHP-cool,cooling,9,0.0,0.0,0.0,0.0,0.0,0.0,0.0,0.0,0.0,0.0,0.0,0.0,0.0,0.0,0.0,0.0,0.0,0.0,0.0,0.0,0.0,0.0,0.0,0.0,0.0,0.0,0.0,0.0,0.0,0.0,0.0,0.0,0.0,0.0,0.0,0.3632824845682135,0.0,0.0,0.0,0.0,0.0,0.0,0.0,0.0,0.0,0.6367175154317865,0.0,0.0,0.0,0.0,0.0
pkg_terminal_HP-cool,cooling,1,0.0,0.0,0.0,0.0,0.0,0.2878902129077209,0.0,0.0,0.0,0.0,0.0,0.0,0.0,0.0,0.0,0.0,0.0,0.4757816795834625,0.0,0.0898394191830089,0.0,0.0,0.0,0.0,0.0,0.0,0.0,0.0,0.080748033823079,0.0,0.0,0.0,0.0,0.0,0.0,0.0,0.0,0.0318678725526896,0.0,0.0,0.0,0.0,0.0,0.0,0.0338727819500391,0.0,0.0,0.0,0.0,0.0,0.0
pkg_terminal_HP-cool,cooling,2,0.0,0.0,0.0,0.0,0.0,0.0,0.0,0.0,0.0,0.0,0.0,0.0,0.0,0.0,0.0,0.0,0.0,0.0,0.0,0.0,0.0,0.0,0.0,0.0,0.0,0.0,0.0,0.0,0.0,0.1587963848422908,0.0,0.0,0.3528114056081001,0.0,0.0,0.0,0.4883922095496091,0.0,0.0,0.0,0.0,0.0,0.0,0.0,0.0,0.0,0.0,0.0,0.0,0.0,0.0
pkg_terminal_HP-cool,cooling,3,0.0,0.0,0.0,0.0,0.0,0.0,0.0,0.0,0.0,0.0,0.0,0.0,0.1965722982504906,0.3103992467437132,0.0,0.0,0.0,0.0,0.0,0.0,0.0716935081208746,0.0,0.0,0.0,0.0,0.0,0.0,0.0,0.0,0.0,0.0,0.0,0.0,0.3271913542820744,0.0,0.0,0.0,0.0,0.0,0.0,0.0,0.0,0.0,0.0,0.0,0.0,0.0941435926028473,0.0,0.0,0.0,0.0
pkg_terminal_HP-cool,cooling,4,0.0,0.0,0.0,0.0,0.0,0.0,0.0,0.0,0.0,0.0,0.0341453545457334,0.0,0.0,0.0,0.1515197830689454,0.0,0.0,0.0,0.0,0.0,0.0,0.1502221663956306,0.4880903662053941,0.0,0.0,0.0,0.0360802253689668,0.1155832898653002,0.0,0.0,0.0,0.0,0.0,0.0,0.0,0.0,0.0,0.0,0.0,0.0243588145500291,0.0,0.0,0.0,0.0,0.0,0.0,0.0,0.0,0.0,0.0,0.0
pkg_terminal_HP-cool,cooling,5,0.0,0.0,0.0,0.0,0.0,0.0,0.0036530650829529,0.00204118490972,0.6426515445361708,0.0807046312829027,0.0,0.0,0.0,0.0,0.0,0.0,0.0,0.0,0.0360469280233753,0.0,0.0,0.0,0.0,0.0,0.0,0.0909681489848577,0.0,0.0,0.0,0.0,0.0,0.0,0.0,0.0,0.0,0.0,0.0,0.0,0.0798460138523251,0.0,0.0,0.0,0.0,0.0543539711730571,0.0,0.0,0.0,0.0097345121546381,0.0,0.0,0.0
pkg_terminal_HP-cool,cooling,6,0.4056302615745833,0.0,0.0,0.0,0.0,0.0,0.0,0.0,0.0,0.0,0.0,0.0,0.0,0.0,0.0,0.1198978014054389,0.0,0.0,0.0,0.0,0.0,0.0,0.0,0.1350061418473142,0.0,0.0,0.0,0.0,0.0,0.0,0.0,0.0,0.0,0.0,0.0,0.0,0.0,0.0,0.0,0.0,0.3394657951726634,0.0,0.0,0.0,0.0,0.0,0.0,0.0,0.0,0.0,0.0
pkg_terminal_HP-cool,cooling,7,0.0,0.0404069098152646,0.0,0.0,0.0,0.0,0.0,0.0,0.0,0.0,0.0,0.0,0.0,0.0,0.0,0.0,0.143883578233338,0.0,0.0,0.0,0.0,0.0,0.0,0.0,0.0,0.0,0.0,0.0,0.0,0.0,0.0,0.0,0.0,0.0,0.0550911955710768,0.0,0.0,0.0,0.0,0.0,0.0,0.7606183163803205,0.0,0.0,0.0,0.0,0.0,0.0,0.0,0.0,0.0
pkg_terminal_HP-cool,cooling,8,0.0,0.0,0.5699586171467295,0.0,0.1011504880307077,0.0,0.0,0.0,0.0,0.0,0.0,0.0286649642855003,0.0,0.0,0.0,0.0,0.0,0.0,0.0,0.0,0.0,0.0,0.0,0.0,0.0018588897741556,0.0,0.0,0.0,0.0,0.0,0.0567594404497044,0.195821198254448,0.0,0.0,0.0,0.0,0.0,0.0,0.0,0.0,0.0,0.0,0.0333676010963541,0.0,0.0,0.0,0.0,0.0,0.0124188009624,0.0,0.0
pkg_terminal_HP-cool,cooling,9,0.0,0.0,0.0,0.7057935611374924,0.0,0.0,0.0,0.0,0.0,0.0,0.0,0.0,0.0,0.0,0.0,0.0,0.0,0.0,0.0,0.0,0.0,0.0,0.0,0.0,0.0,0.0,0.0,0.0,0.0,0.0,0.0,0.0,0.0,0.0,0.0,0.1106137272623985,0.0,0.0,0.0,0.0,0.0,0.0,0.0,0.0,0.0,0.1835927116001091,0.0,0.0,0.0,0.0,0.0
pkg_terminal_AC-cool,cooling,1,0.0,0.0,0.0,0.0,0.0,0.2482701612533149,0.0,0.0,0.0,0.0,0.0,0.0,0.0,0.0,0.0,0.0,0.0,0.4443120469315273,0.0,0.1138182753462082,0.0,0.0,0.0,0.0,0.0,0.0,0.0,0.0,0.0978163477681638,0.0,0.0,0.0,0.0,0.0,0.0,0.0,0.0,0.0417477887090501,0.0,0.0,0.0,0.0,0.0,0.0,0.0540353799917354,0.0,0.0,0.0,0.0,0.0,0.0
pkg_terminal_AC-cool,cooling,2,0.0,0.0,0.0,0.0,0.0,0.0,0.0,0.0,0.0,0.0,0.0,0.0,0.0,0.0,0.0,0.0,0.0,0.0,0.0,0.0,0.0,0.0,0.0,0.0,0.0,0.0,0.0,0.0,0.0,0.2312957616029022,0.0,0.0,0.4300066829680966,0.0,0.0,0.0,0.3386975554290011,0.0,0.0,0.0,0.0,0.0,0.0,0.0,0.0,0.0,0.0,0.0,0.0,0.0,0.0
pkg_terminal_AC-cool,cooling,3,0.0,0.0,0.0,0.0,0.0,0.0,0.0,0.0,0.0,0.0,0.0,0.0,0.2861598340573388,0.1465644736508732,0.0,0.0,0.0,0.0,0.0,0.0,0.1671682757558999,0.0,0.0,0.0,0.0,0.0,0.0,0.0,0.0,0.0,0.0,0.0,0.0,0.293818512558426,0.0,0.0,0.0,0.0,0.0,0.0,0.0,0.0,0.0,0.0,0.0,0.0,0.1062889039774621,0.0,0.0,0.0,0.0
pkg_terminal_AC-cool,cooling,4,0.0,0.0,0.0,0.0,0.0,0.0,0.0,0.0,0.0,0.0,0.1023656035840166,0.0,0.0,0.0,0.2068859161766577,0.0,0.0,0.0,0.0,0.0,0.0,0.1637884720073237,0.4058640428887839,0.0,0.0,0.0,0.0360841917364618,0.0714972788024671,0.0,0.0,0.0,0.0,0.0,0.0,0.0,0.0,0.0,0.0,0.0,0.013514494804289,0.0,0.0,0.0,0.0,0.0,0.0,0.0,0.0,0.0,0.0,0.0
pkg_terminal_AC-cool,cooling,5,0.0,0.0,0.0,0.0,0.0,0.0,0.0117702467693169,0.0024935243616268,0.6133775791197564,0.1017827978023431,0.0,0.0,0.0,0.0,0.0,0.0,0.0,0.0,0.02338566357965,0.0,0.0,0.0,0.0,0.0,0.0,0.0707945647490992,0.0,0.0,0.0,0.0,0.0,0.0,0.0,0.0,0.0,0.0,0.0,0.0,0.095170966216968,0.0,0.0,0.0,0.0,0.0740071588738441,0.0,0.0,0.0,0.0072174985273951,0.0,0.0,0.0
pkg_terminal_AC-cool,cooling,6,0.2719074208953175,0.0,0.0,0.0,0.0,0.0,0.0,0.0,0.0,0.0,0.0,0.0,0.0,0.0,0.0,0.1281588831285528,0.0,0.0,0.0,0.0,0.0,0.0,0.0,0.1452788984188357,0.0,0.0,0.0,0.0,0.0,0.0,0.0,0.0,0.0,0.0,0.0,0.0,0.0,0.0,0.0,0.0,0.4546547975572939,0.0,0.0,0.0,0.0,0.0,0.0,0.0,0.0,0.0,0.0
pkg_terminal_AC-cool,cooling,7,0.0,0.0520831734714362,0.0,0.0,0.0,0.0,0.0,0.0,0.0,0.0,0.0,0.0,0.0,0.0,0.0,0.0,0.1699682970065184,0.0,0.0,0.0,0.0,0.0,0.0,0.0,0.0,0.0,0.0,0.0,0.0,0.0,0.0,0.0,0.0,0.0,0.0881392203607328,0.0,0.0,0.0,0.0,0.0,0.0,0.6898093091613126,0.0,0.0,0.0,0.0,0.0,0.0,0.0,0.0,0.0
pkg_terminal_AC-cool,cooling,8,0.0,0.0,0.3195386394894832,0.0,0.15020267852881,0.0,0.0,0.0,0.0,0.0,0.0,0.0202045051230784,0.0,0.0,0.0,0.0,0.0,0.0,0.0,0.0,0.0,0.0,0.0,0.0,0.0128898767014572,0.0,0.0,0.0,0.0,0.0,0.0433752185749829,0.3914694739057471,0.0,0.0,0.0,0.0,0.0,0.0,0.0,0.0,0.0,0.0,0.0483137008409798,0.0,0.0,0.0,0.0,0.0,0.0140059068354611,0.0,0.0
pkg_terminal_AC-cool,cooling,9,0.0,0.0,0.0,0.7550491445428793,0.0,0.0,0.0,0.0,0.0,0.0,0.0,0.0,0.0,0.0,0.0,0.0,0.0,0.0,0.0,0.0,0.0,0.0,0.0,0.0,0.0,0.0,0.0,0.0,0.0,0.0,0.0,0.0,0.0,0.0,0.0,0.1065408294496569,0.0,0.0,0.0,0.0,0.0,0.0,0.0,0.0,0.0,0.1384100260074637,0.0,0.0,0.0,0.0,0.0
res_type_central_AC,cooling,1,0.0,0.0,0.0,0.0,0.0,0.2192005405603482,0.0,0.0,0.0,0.0,0.0,0.0,0.0,0.0,0.0,0.0,0.0,0.4781515583587775,0.0,0.0921636003527708,0.0,0.0,0.0,0.0,0.0,0.0,0.0,0.0,0.1022543285826706,0.0,0.0,0.0,0.0,0.0,0.0,0.0,0.0,0.0851145100259845,0.0,0.0,0.0,0.0,0.0,0.0,0.0231154621194481,0.0,0.0,0.0,0.0,0.0,0.0
res_type_central_AC,cooling,2,0.0,0.0,0.0,0.0,0.0,0.0,0.0,0.0,0.0,0.0,0.0,0.0,0.0,0.0,0.0,0.0,0.0,0.0,0.0,0.0,0.0,0.0,0.0,0.0,0.0,0.0,0.0,0.0,0.0,0.2418505355633132,0.0,0.0,0.442014183715276,0.0,0.0,0.0,0.3161352807214107,0.0,0.0,0.0,0.0,0.0,0.0,0.0,0.0,0.0,0.0,0.0,0.0,0.0,0.0
res_type_central_AC,cooling,3,0.0,0.0,0.0,0.0,0.0,0.0,0.0,0.0,0.0,0.0,0.0,0.0,0.3081444908038364,0.1310260931406825,0.0,0.0,0.0,0.0,0.0,0.0,0.1697471087296934,0.0,0.0,0.0,0.0,0.0,0.0,0.0,0.0,0.0,0.0,0.0,0.0,0.2882401089302382,0.0,0.0,0.0,0.0,0.0,0.0,0.0,0.0,0.0,0.0,0.0,0.0,0.1028421983955493,0.0,0.0,0.0,0.0
res_type_central_AC,cooling,4,0.0,0.0,0.0,0.0,0.0,0.0,0.0,0.0,0.0,0.0,0.1329020080947985,0.0,0.0,0.0,0.1913047810966249,0.0,0.0,0.0,0.0,0.0,0.0,0.2234227558743632,0.3420974117831449,0.0,0.0,0.0,0.0096572780799245,0.0709905675438541,0.0,0.0,0.0,0.0,0.0,0.0,0.0,0.0,0.0,0.0,0.0,0.0296251975272898,0.0,0.0,0.0,0.0,0.0,0.0,0.0,0.0,0.0,0.0,0.0
res_type_central_AC,cooling,5,0.0,0.0,0.0,0.0,0.0,0.0,0.0041482063943061,0.0194751483862718,0.1402670234316069,0.286238705030768,0.0,0.0,0.0,0.0,0.0,0.0,0.0,0.0,0.0745916603368954,0.0,0.0,0.0,0.0,0.0,0.0,0.2293091730732062,0.0,0.0,0.0,0.0,0.0,0.0,0.0,0.0,0.0,0.0,0.0,0.0,0.1078467527945143,0.0,0.0,0.0,0.0,0.1166596087792291,0.0,0.0,0.0,0.0214637217732019,0.0,0.0,0.0
res_type_central_AC,cooling,6,0.2400670213523772,0.0,0.0,0.0,0.0,0.0,0.0,0.0,0.0,0.0,0.0,0.0,0.0,0.0,0.0,0.226587206724545,0.0,0.0,0.0,0.0,0.0,0.0,0.0,0.1991705860477048,0.0,0.0,0.0,0.0,0.0,0.0,0.0,0.0,0.0,0.0,0.0,0.0,0.0,0.0,0.0,0.0,0.3341751858753729,0.0,0.0,0.0,0.0,0.0,0.0,0.0,0.0,0.0,0.0
res_type_central_AC,cooling,7,0.0,0.0538197849655006,0.0,0.0,0.0,0.0,0.0,0.0,0.0,0.0,0.0,0.0,0.0,0.0,0.0,0.0,0.0984462915398002,0.0,0.0,0.0,0.0,0.0,0.0,0.0,0.0,0.0,0.0,0.0,0.0,0.0,0.0,0.0,0.0,0.0,0.1009879424218355,0.0,0.0,0.0,0.0,0.0,0.0,0.7467459810728635,0.0,0.0,0.0,0.0,0.0,0.0,0.0,0.0,0.0
res_type_central_AC,cooling,8,0.0,0.0,0.205745829612142,0.0,0.2285412631423696,0.0,0.0,0.0,0.0,0.0,0.0,0.0416437506795547,0.0,0.0,0.0,0.0,0.0,0.0,0.0,0.0,0.0,0.0,0.0,0.0,0.0204697099904443,0.0,0.0,0.0,0.0,0.0,0.0949950792525489,0.2574902605914078,0.0,0.0,0.0,0.0,0.0,0.0,0.0,0.0,0.0,0.0,0.1419501133525464,0.0,0.0,0.0,0.0,0.0,0.0091639933789859,0.0,0.0
res_type_central_AC,cooling,9,0.0,0.0,0.0,0.9073481330981744,0.0,0.0,0.0,0.0,0.0,0.0,0.0,0.0,0.0,0.0,0.0,0.0,0.0,0.0,0.0,0.0,0.0,0.0,0.0,0.0,0.0,0.0,0.0,0.0,0.0,0.0,0.0,0.0,0.0,0.0,0.0,0.0492089738886465,0.0,0.0,0.0,0.0,0.0,0.0,0.0,0.0,0.0,0.0434428930131791,0.0,0.0,0.0,0.0,0.0
wall-window_room_AC,cooling,1,0.0,0.0,0.0,0.0,0.0,0.2192005405603482,0.0,0.0,0.0,0.0,0.0,0.0,0.0,0.0,0.0,0.0,0.0,0.4781515583587775,0.0,0.0921636003527708,0.0,0.0,0.0,0.0,0.0,0.0,0.0,0.0,0.1022543285826706,0.0,0.0,0.0,0.0,0.0,0.0,0.0,0.0,0.0851145100259845,0.0,0.0,0.0,0.0,0.0,0.0,0.0231154621194481,0.0,0.0,0.0,0.0,0.0,0.0
wall-window_room_AC,cooling,2,0.0,0.0,0.0,0.0,0.0,0.0,0.0,0.0,0.0,0.0,0.0,0.0,0.0,0.0,0.0,0.0,0.0,0.0,0.0,0.0,0.0,0.0,0.0,0.0,0.0,0.0,0.0,0.0,0.0,0.2418505355633132,0.0,0.0,0.442014183715276,0.0,0.0,0.0,0.3161352807214107,0.0,0.0,0.0,0.0,0.0,0.0,0.0,0.0,0.0,0.0,0.0,0.0,0.0,0.0
wall-window_room_AC,cooling,3,0.0,0.0,0.0,0.0,0.0,0.0,0.0,0.0,0.0,0.0,0.0,0.0,0.3081444908038364,0.1310260931406825,0.0,0.0,0.0,0.0,0.0,0.0,0.1697471087296934,0.0,0.0,0.0,0.0,0.0,0.0,0.0,0.0,0.0,0.0,0.0,0.0,0.2882401089302382,0.0,0.0,0.0,0.0,0.0,0.0,0.0,0.0,0.0,0.0,0.0,0.0,0.1028421983955493,0.0,0.0,0.0,0.0
wall-window_room_AC,cooling,4,0.0,0.0,0.0,0.0,0.0,0.0,0.0,0.0,0.0,0.0,0.1329020080947985,0.0,0.0,0.0,0.1913047810966249,0.0,0.0,0.0,0.0,0.0,0.0,0.2234227558743632,0.3420974117831449,0.0,0.0,0.0,0.0096572780799245,0.0709905675438541,0.0,0.0,0.0,0.0,0.0,0.0,0.0,0.0,0.0,0.0,0.0,0.0296251975272898,0.0,0.0,0.0,0.0,0.0,0.0,0.0,0.0,0.0,0.0,0.0
wall-window_room_AC,cooling,5,0.0,0.0,0.0,0.0,0.0,0.0,0.0041482063943061,0.0194751483862718,0.1402670234316069,0.286238705030768,0.0,0.0,0.0,0.0,0.0,0.0,0.0,0.0,0.0745916603368954,0.0,0.0,0.0,0.0,0.0,0.0,0.2293091730732062,0.0,0.0,0.0,0.0,0.0,0.0,0.0,0.0,0.0,0.0,0.0,0.0,0.1078467527945143,0.0,0.0,0.0,0.0,0.1166596087792291,0.0,0.0,0.0,0.0214637217732019,0.0,0.0,0.0
wall-window_room_AC,cooling,6,0.2400670213523772,0.0,0.0,0.0,0.0,0.0,0.0,0.0,0.0,0.0,0.0,0.0,0.0,0.0,0.0,0.226587206724545,0.0,0.0,0.0,0.0,0.0,0.0,0.0,0.1991705860477048,0.0,0.0,0.0,0.0,0.0,0.0,0.0,0.0,0.0,0.0,0.0,0.0,0.0,0.0,0.0,0.0,0.3341751858753729,0.0,0.0,0.0,0.0,0.0,0.0,0.0,0.0,0.0,0.0
wall-window_room_AC,cooling,7,0.0,0.0538197849655006,0.0,0.0,0.0,0.0,0.0,0.0,0.0,0.0,0.0,0.0,0.0,0.0,0.0,0.0,0.0984462915398002,0.0,0.0,0.0,0.0,0.0,0.0,0.0,0.0,0.0,0.0,0.0,0.0,0.0,0.0,0.0,0.0,0.0,0.1009879424218355,0.0,0.0,0.0,0.0,0.0,0.0,0.7467459810728635,0.0,0.0,0.0,0.0,0.0,0.0,0.0,0.0,0.0
wall-window_room_AC,cooling,8,0.0,0.0,0.205745829612142,0.0,0.2285412631423696,0.0,0.0,0.0,0.0,0.0,0.0,0.0416437506795547,0.0,0.0,0.0,0.0,0.0,0.0,0.0,0.0,0.0,0.0,0.0,0.0,0.0204697099904443,0.0,0.0,0.0,0.0,0.0,0.0949950792525489,0.2574902605914078,0.0,0.0,0.0,0.0,0.0,0.0,0.0,0.0,0.0,0.0,0.1419501133525464,0.0,0.0,0.0,0.0,0.0,0.0091639933789859,0.0,0.0
wall-window_room_AC,cooling,9,0.0,0.0,0.0,0.9073481330981744,0.0,0.0,0.0,0.0,0.0,0.0,0.0,0.0,0.0,0.0,0.0,0.0,0.0,0.0,0.0,0.0,0.0,0.0,0.0,0.0,0.0,0.0,0.0,0.0,0.0,0.0,0.0,0.0,0.0,0.0,0.0,0.0492089738886465,0.0,0.0,0.0,0.0,0.0,0.0,0.0,0.0,0.0,0.0434428930131791,0.0,0.0,0.0,0.0,0.0
resistance,heating,1,0.0,0.0,0.0,0.0,0.0,0.2693790929962639,0.0,0.0,0.0,0.0,0.0,0.0,0.0,0.0,0.0,0.0,0.0,0.4747409710514499,0.0,0.0909553442373318,0.0,0.0,0.0,0.0,0.0,0.0,0.0,0.0,0.0759240609901706,0.0,0.0,0.0,0.0,0.0,0.0,0.0,0.0,0.0681441330452151,0.0,0.0,0.0,0.0,0.0,0.0,0.0208563976795684,0.0,0.0,0.0,0.0,0.0,0.0
resistance,heating,2,0.0,0.0,0.0,0.0,0.0,0.0,0.0,0.0,0.0,0.0,0.0,0.0,0.0,0.0,0.0,0.0,0.0,0.0,0.0,0.0,0.0,0.0,0.0,0.0,0.0,0.0,0.0,0.0,0.0,0.1424852781362381,0.0,0.0,0.3663739733719963,0.0,0.0,0.0,0.4911407484917655,0.0,0.0,0.0,0.0,0.0,0.0,0.0,0.0,0.0,0.0,0.0,0.0,0.0,0.0
resistance,heating,3,0.0,0.0,0.0,0.0,0.0,0.0,0.0,0.0,0.0,0.0,0.0,0.0,0.218716385619865,0.196769528239854,0.0,0.0,0.0,0.0,0.0,0.0,0.1278686780319282,0.0,0.0,0.0,0.0,0.0,0.0,0.0,0.0,0.0,0.0,0.0,0.0,0.3263842865086208,0.0,0.0,0.0,0.0,0.0,0.0,0.0,0.0,0.0,0.0,0.0,0.0,0.1302611215997318,0.0,0.0,0.0,0.0
resistance,heating,4,0.0,0.0,0.0,0.0,0.0,0.0,0.0,0.0,0.0,0.0,0.1374439701788054,0.0,0.0,0.0,0.1138274752698039,0.0,0.0,0.0,0.0,0.0,0.0,0.248705455308829,0.2909605036984035,0.0,0.0,0.0,0.078480371332039,0.0978502300532574,0.0,0.0,0.0,0.0,0.0,0.0,0.0,0.0,0.0,0.0,0.0,0.0327319941588615,0.0,0.0,0.0,0.0,0.0,0.0,0.0,0.0,0.0,0.0,0.0
resistance,heating,5,0.0,0.0,0.0,0.0,0.0,0.0,0.0169143189928593,0.0172186659948279,0.1405299990445409,0.1232088136264147,0.0,0.0,0.0,0.0,0.0,0.0,0.0,0.0,0.1335561751806911,0.0,0.0,0.0,0.0,0.0,0.0,0.2247066996299656,0.0,0.0,0.0,0.0,0.0,0.0,0.0,0.0,0.0,0.0,0.0,0.0,0.0965570816755334,0.0,0.0,0.0,0.0,0.2005525648867782,0.0,0.0,0.0,0.0467556809683887,0.0,0.0,0.0
resistance,heating,6,0.1952449360915606,0.0,0.0,0.0,0.0,0.0,0.0,0.0,0.0,0.0,0.0,0.0,0.0,0.0,0.0,0.2698299267278918,0.0,0.0,0.0,0.0,0.0,0.0,0.0,0.0866496098199935,0.0,0.0,0.0,0.0,0.0,0.0,0.0,0.0,0.0,0.0,0.0,0.0,0.0,0.0,0.0,0.0,0.448275527360554,0.0,0.0,0.0,0.0,0.0,0.0,0.0,0.0,0.0,0.0
resistance,heating,7,0.0,0.0995617085484161,0.0,0.0,0.0,0.0,0.0,0.0,0.0,0.0,0.0,0.0,0.0,0.0,0.0,0.0,0.0788001214683643,0.0,0.0,0.0,0.0,0.0,0.0,0.0,0.0,0.0,0.0,0.0,0.0,0.0,0.0,0.0,0.0,0.0,0.1455552637910958,0.0,0.0,0.0,0.0,0.0,0.0,0.6760829061921237,0.0,0.0,0.0,0.0,0.0,0.0,0.0,0.0,0.0
resistance,heating,8,0.0,0.0,0.1356148677405033,0.0,0.3458549835340381,0.0,0.0,0.0,0.0,0.0,0.0,0.1738177917884391,0.0,0.0,0.0,0.0,0.0,0.0,0.0,0.0,0.0,0.0,0.0,0.0,0.0714265659217207,0.0,0.0,0.0,0.0,0.0,0.0461534047024136,0.1063617883783778,0.0,0.0,0.0,0.0,0.0,0.0,0.0,0.0,0.0,0.0,0.0813801922923984,0.0,0.0,0.0,0.0,0.0,0.0393904056421087,0.0,0.0
resistance,heating,9,0.0,0.0,0.0,0.5921702590932209,0.0,0.0,0.0,0.0,0.0,0.0,0.0,0.0,0.0,0.0,0.0,0.0,0.0,0.0,0.0,0.0,0.0,0.0,0.0,0.0,0.0,0.0,0.0,0.0,0.0,0.0,0.0,0.0,0.0,0.0,0.0,0.1447179464865025,0.0,0.0,0.0,0.0,0.0,0.0,0.0,0.0,0.0,0.2631117944202765,0.0,0.0,0.0,0.0,0.0
rooftop_ASHP-heat,heating,1,0.0,0.0,0.0,0.0,0.0,0.2741753316719641,0.0,0.0,0.0,0.0,0.0,0.0,0.0,0.0,0.0,0.0,0.0,0.4084521404535124,0.0,0.140215543354433,0.0,0.0,0.0,0.0,0.0,0.0,0.0,0.0,0.1265849877159663,0.0,0.0,0.0,0.0,0.0,0.0,0.0,0.0,0.0161658025176436,0.0,0.0,0.0,0.0,0.0,0.0,0.0344061942864803,0.0,0.0,0.0,0.0,0.0,0.0
rooftop_ASHP-heat,heating,2,0.0,0.0,0.0,0.0,0.0,0.0,0.0,0.0,0.0,0.0,0.0,0.0,0.0,0.0,0.0,0.0,0.0,0.0,0.0,0.0,0.0,0.0,0.0,0.0,0.0,0.0,0.0,0.0,0.0,0.1268102097683887,0.0,0.0,0.4517599738470677,0.0,0.0,0.0,0.4214298163845436,0.0,0.0,0.0,0.0,0.0,0.0,0.0,0.0,0.0,0.0,0.0,0.0,0.0,0.0
rooftop_ASHP-heat,heating,3,0.0,0.0,0.0,0.0,0.0,0.0,0.0,0.0,0.0,0.0,0.0,0.0,0.1985129069855703,0.1967824224655112,0.0,0.0,0.0,0.0,0.0,0.0,0.1477790791132348,0.0,0.0,0.0,0.0,0.0,0.0,0.0,0.0,0.0,0.0,0.0,0.0,0.3140920915140711,0.0,0.0,0.0,0.0,0.0,0.0,0.0,0.0,0.0,0.0,0.0,0.0,0.1428334999216124,0.0,0.0,0.0,0.0
rooftop_ASHP-heat,heating,4,0.0,0.0,0.0,0.0,0.0,0.0,0.0,0.0,0.0,0.0,0.116617083179122,0.0,0.0,0.0,0.0652515297351786,0.0,0.0,0.0,0.0,0.0,0.0,0.3198629538681056,0.22308300685185,0.0,0.0,0.0,0.0741088744728409,0.1016552550329687,0.0,0.0,0.0,0.0,0.0,0.0,0.0,0.0,0.0,0.0,0.0,0.0994212968599339,0.0,0.0,0.0,0.0,0.0,0.0,0.0,0.0,0.0,0.0,0.0
rooftop_ASHP-heat,heating,5,0.0,0.0,0.0,0.0,0.0,0.0,0.0101043098233523,0.012071520684799,0.0693673076638662,0.1126751663432938,0.0,0.0,0.0,0.0,0.0,0.0,0.0,0.0,0.161349729965135,0.0,0.0,0.0,0.0,0.0,0.0,0.2562632210985479,0.0,0.0,0.0,0.0,0.0,0.0,0.0,0.0,0.0,0.0,0.0,0.0,0.1000786226283073,0.0,0.0,0.0,0.0,0.217242767884402,0.0,0.0,0.0,0.0608473539082963,0.0,0.0,0.0
rooftop_ASHP-heat,heating,6,0.15649827063252,0.0,0.0,0.0,0.0,0.0,0.0,0.0,0.0,0.0,0.0,0.0,0.0,0.0,0.0,0.3030995139008196,0.0,0.0,0.0,0.0,0.0,0.0,0.0,0.0833083702123324,0.0,0.0,0.0,0.0,0.0,0.0,0.0,0.0,0.0,0.0,0.0,0.0,0.0,0.0,0.0,0.0,0.457093845254328,0.0,0.0,0.0,0.0,0.0,0.0,0.0,0.0,0.0,0.0
rooftop_ASHP-heat,heating,7,0.0,0.2150410831427946,0.0,0.0,0.0,0.0,0.0,0.0,0.0,0.0,0.0,0.0,0.0,0.0,0.0,0.0,0.0503787167545383,0.0,0.0,0.0,0.0,0.0,0.0,0.0,0.0,0.0,0.0,0.0,0.0,0.0,0.0,0.0,0.0,0.0,0.2335768808176614,0.0,0.0,0.0,0.0,0.0,0.0,0.5010033192850054,0.0,0.0,0.0,0.0,0.0,0.0,0.0,0.0,0.0
rooftop_ASHP-heat,heating,8,0.0,0.0,0.0508831940041398,0.0,0.4307464274600681,0.0,0.0,0.0,0.0,0.0,0.0,0.1916991311440494,0.0,0.0,0.0,0.0,0.0,0.0,0.0,0.0,0.0,0.0,0.0,0.0,0.0968948032273045,0.0,0.0,0.0,0.0,0.0,0.0349532940592478,0.0787473416560825,0.0,0.0,0.0,0.0,0.0,0.0,0.0,0.0,0.0,0.0,0.0795562916281846,0.0,0.0,0.0,0.0,0.0,0.0365195168209229,0.0,0.0
rooftop_ASHP-heat,heating,9,0.0,0.0,0.0,0.5201408098709139,0.0,0.0,0.0,0.0,0.0,0.0,0.0,0.0,0.0,0.0,0.0,0.0,0.0,0.0,0.0,0.0,0.0,0.0,0.0,0.0,0.0,0.0,0.0,0.0,0.0,0.0,0.0,0.0,0.0,0.0,0.0,0.180074210580245,0.0,0.0,0.0,0.0,0.0,0.0,0.0,0.0,0.0,0.299784979548841,0.0,0.0,0.0,0.0,0.0
comm_GSHP-heat,heating,1,0.0,0.0,0.0,0.0,0.0,0.2357795139113451,0.0,0.0,0.0,0.0,0.0,0.0,0.0,0.0,0.0,0.0,0.0,0.4928587135077803,0.0,0.1121156756477086,0.0,0.0,0.0,0.0,0.0,0.0,0.0,0.0,0.1059826544734902,0.0,0.0,0.0,0.0,0.0,0.0,0.0,0.0,0.0124620041132568,0.0,0.0,0.0,0.0,0.0,0.0,0.040801438346419,0.0,0.0,0.0,0.0,0.0,0.0
comm_GSHP-heat,heating,2,0.0,0.0,0.0,0.0,0.0,0.0,0.0,0.0,0.0,0.0,0.0,0.0,0.0,0.0,0.0,0.0,0.0,0.0,0.0,0.0,0.0,0.0,0.0,0.0,0.0,0.0,0.0,0.0,0.0,0.0629147790474196,0.0,0.0,0.7029109855449156,0.0,0.0,0.0,0.2341742354076648,0.0,0.0,0.0,0.0,0.0,0.0,0.0,0.0,0.0,0.0,0.0,0.0,0.0,0.0
comm_GSHP-heat,heating,3,0.0,0.0,0.0,0.0,0.0,0.0,0.0,0.0,0.0,0.0,0.0,0.0,0.2584107830104218,0.1768833061387427,0.0,0.0,0.0,0.0,0.0,0.0,0.0588399214005278,0.0,0.0,0.0,0.0,0.0,0.0,0.0,0.0,0.0,0.0,0.0,0.0,0.3202439180364084,0.0,0.0,0.0,0.0,0.0,0.0,0.0,0.0,0.0,0.0,0.0,0.0,0.185622071413899,0.0,0.0,0.0,0.0
comm_GSHP-heat,heating,4,0.0,0.0,0.0,0.0,0.0,0.0,0.0,0.0,0.0,0.0,0.1839923510729917,0.0,0.0,0.0,0.1482832369720538,0.0,0.0,0.0,0.0,0.0,0.0,0.1763167638435785,0.1983666536388675,0.0,0.0,0.0,0.0770475521564923,0.1644221661843581,0.0,0.0,0.0,0.0,0.0,0.0,0.0,0.0,0.0,0.0,0.0,0.0515712761316579,0.0,0.0,0.0,0.0,0.0,0.0,0.0,0.0,0.0,0.0,0.0
comm_GSHP-heat,heating,5,0.0,0.0,0.0,0.0,0.0,0.0,0.0177764609037835,0.0169894089929972,0.2279310659082384,0.110626211742535,0.0,0.0,0.0,0.0,0.0,0.0,0.0,0.0,0.1265979837258359,0.0,0.0,0.0,0.0,0.0,0.0,0.2050114868843761,0.0,0.0,0.0,0.0,0.0,0.0,0.0,0.0,0.0,0.0,0.0,0.0,0.1531583096789099,0.0,0.0,0.0,0.0,0.1156622884240482,0.0,0.0,0.0,0.0262467837392756,0.0,0.0,0.0
comm_GSHP-heat,heating,6,0.2656567320632791,0.0,0.0,0.0,0.0,0.0,0.0,0.0,0.0,0.0,0.0,0.0,0.0,0.0,0.0,0.2517321576746699,0.0,0.0,0.0,0.0,0.0,0.0,0.0,0.096053278625889,0.0,0.0,0.0,0.0,0.0,0.0,0.0,0.0,0.0,0.0,0.0,0.0,0.0,0.0,0.0,0.0,0.386557831636162,0.0,0.0,0.0,0.0,0.0,0.0,0.0,0.0,0.0,0.0
comm_GSHP-heat,heating,7,0.0,0.1104837971704496,0.0,0.0,0.0,0.0,0.0,0.0,0.0,0.0,0.0,0.0,0.0,0.0,0.0,0.0,0.0894200543123125,0.0,0.0,0.0,0.0,0.0,0.0,0.0,0.0,0.0,0.0,0.0,0.0,0.0,0.0,0.0,0.0,0.0,0.1249877558858745,0.0,0.0,0.0,0.0,0.0,0.0,0.6751083926313632,0.0,0.0,0.0,0.0,0.0,0.0,0.0,0.0,0.0
comm_GSHP-heat,heating,8,0.0,0.0,0.2238236308981656,0.0,0.3740954773088293,0.0,0.0,0.0,0.0,0.0,0.0,0.161839540674378,0.0,0.0,0.0,0.0,0.0,0.0,0.0,0.0,0.0,0.0,0.0,0.0,0.1186605696806542,0.0,0.0,0.0,0.0,0.0,0.0498661750945789,0.0453301169763342,0.0,0.0,0.0,0.0,0.0,0.0,0.0,0.0,0.0,0.0,0.0151438190301813,0.0,0.0,0.0,0.0,0.0,0.0112406703368781,0.0,0.0
comm_GSHP-heat,heating,9,0.0,0.0,0.0,0.0,0.0,0.0,0.0,0.0,0.0,0.0,0.0,0.0,0.0,0.0,0.0,0.0,0.0,0.0,0.0,0.0,0.0,0.0,0.0,0.0,0.0,0.0,0.0,0.0,0.0,0.0,0.0,0.0,0.0,0.0,0.0,0.4339976457330744,0.0,0.0,0.0,0.0,0.0,0.0,0.0,0.0,0.0,0.5660023542669255,0.0,0.0,0.0,0.0,0.0
pkg_terminal_HP-heat,heating,1,0.0,0.0,0.0,0.0,0.0,0.241115078517967,0.0,0.0,0.0,0.0,0.0,0.0,0.0,0.0,0.0,0.0,0.0,0.4548116206906113,0.0,0.1356296155210219,0.0,0.0,0.0,0.0,0.0,0.0,0.0,0.0,0.0634853038916737,0.0,0.0,0.0,0.0,0.0,0.0,0.0,0.0,0.0370848475477264,0.0,0.0,0.0,0.0,0.0,0.0,0.0678735338309994,0.0,0.0,0.0,0.0,0.0,0.0
pkg_terminal_HP-heat,heating,2,0.0,0.0,0.0,0.0,0.0,0.0,0.0,0.0,0.0,0.0,0.0,0.0,0.0,0.0,0.0,0.0,0.0,0.0,0.0,0.0,0.0,0.0,0.0,0.0,0.0,0.0,0.0,0.0,0.0,0.1113214233579897,0.0,0.0,0.3571884873054608,0.0,0.0,0.0,0.5314900893365495,0.0,0.0,0.0,0.0,0.0,0.0,0.0,0.0,0.0,0.0,0.0,0.0,0.0,0.0
pkg_terminal_HP-heat,heating,3,0.0,0.0,0.0,0.0,0.0,0.0,0.0,0.0,0.0,0.0,0.0,0.0,0.1789036972832985,0.2090166517165314,0.0,0.0,0.0,0.0,0.0,0.0,0.0986303724784411,0.0,0.0,0.0,0.0,0.0,0.0,0.0,0.0,0.0,0.0,0.0,0.0,0.3192956787974827,0.0,0.0,0.0,0.0,0.0,0.0,0.0,0.0,0.0,0.0,0.0,0.0,0.1941535997242461,0.0,0.0,0.0,0.0
pkg_terminal_HP-heat,heating,4,0.0,0.0,0.0,0.0,0.0,0.0,0.0,0.0,0.0,0.0,0.0761045565524193,0.0,0.0,0.0,0.0881463937094226,0.0,0.0,0.0,0.0,0.0,0.0,0.2560737646236251,0.2566054633006029,0.0,0.0,0.0,0.1413169810129332,0.109589115027985,0.0,0.0,0.0,0.0,0.0,0.0,0.0,0.0,0.0,0.0,0.0,0.0721637257730117,0.0,0.0,0.0,0.0,0.0,0.0,0.0,0.0,0.0,0.0,0.0
pkg_terminal_HP-heat,heating,5,0.0,0.0,0.0,0.0,0.0,0.0,0.0110943236307045,0.011246535527026,0.0627806696613181,0.113998877794859,0.0,0.0,0.0,0.0,0.0,0.0,0.0,0.0,0.1677625265556983,0.0,0.0,0.0,0.0,0.0,0.0,0.2413441050295624,0.0,0.0,0.0,0.0,0.0,0.0,0.0,0.0,0.0,0.0,0.0,0.0,0.0997014752814983,0.0,0.0,0.0,0.0,0.2239518982786541,0.0,0.0,0.0,0.068119588240679,0.0,0.0,0.0
pkg_terminal_HP-heat,heating,6,0.1955687550672154,0.0,0.0,0.0,0.0,0.0,0.0,0.0,0.0,0.0,0.0,0.0,0.0,0.0,0.0,0.274185410683974,0.0,0.0,0.0,0.0,0.0,0.0,0.0,0.0592709371156466,0.0,0.0,0.0,0.0,0.0,0.0,0.0,0.0,0.0,0.0,0.0,0.0,0.0,0.0,0.0,0.0,0.4709748971331639,0.0,0.0,0.0,0.0,0.0,0.0,0.0,0.0,0.0,0.0
pkg_terminal_HP-heat,heating,7,0.0,0.1223656285515058,0.0,0.0,0.0,0.0,0.0,0.0,0.0,0.0,0.0,0.0,0.0,0.0,0.0,0.0,0.0618735440432955,0.0,0.0,0.0,0.0,0.0,0.0,0.0,0.0,0.0,0.0,0.0,0.0,0.0,0.0,0.0,0.0,0.0,0.1934068514309529,0.0,0.0,0.0,0.0,0.0,0.0,0.6223539759742458,0.0,0.0,0.0,0.0,0.0,0.0,0.0,0.0,0.0
pkg_terminal_HP-heat,heating,8,0.0,0.0,0.0243719048121772,0.0,0.347521210434382,0.0,0.0,0.0,0.0,0.0,0.0,0.4276403871624085,0.0,0.0,0.0,0.0,0.0,0.0,0.0,0.0,0.0,0.0,0.0,0.0,0.026262008848878,0.0,0.0,0.0,0.0,0.0,0.0436325508186651,0.062824514847304,0.0,0.0,0.0,0.0,0.0,0.0,0.0,0.0,0.0,0.0,0.0173054590475459,0.0,0.0,0.0,0.0,0.0,0.0504419640286388,0.0,0.0
pkg_terminal_HP-heat,heating,9,0.0,0.0,0.0,0.4957994954997398,0.0,0.0,0.0,0.0,0.0,0.0,0.0,0.0,0.0,0.0,0.0,0.0,0.0,0.0,0.0,0.0,0.0,0.0,0.0,0.0,0.0,0.0,0.0,0.0,0.0,0.0,0.0,0.0,0.0,0.0,0.0,0.1555867809153636,0.0,0.0,0.0,0.0,0.0,0.0,0.0,0.0,0.0,0.3486137235848964,0.0,0.0,0.0,0.0,0.0
all,heating,1,0.0,0.0,0.0,0.0,0.0,0.2680550406008362,0.0,0.0,0.0,0.0,0.0,0.0,0.0,0.0,0.0,0.0,0.0,0.4714473586370296,0.0,0.0951524171903313,0.0,0.0,0.0,0.0,0.0,0.0,0.0,0.0,0.0773052530804495,0.0,0.0,0.0,0.0,0.0,0.0,0.0,0.0,0.0632263524853741,0.0,0.0,0.0,0.0,0.0,0.0,0.024813578005979,0.0,0.0,0.0,0.0,0.0,0.0
all,heating,2,0.0,0.0,0.0,0.0,0.0,0.0,0.0,0.0,0.0,0.0,0.0,0.0,0.0,0.0,0.0,0.0,0.0,0.0,0.0,0.0,0.0,0.0,0.0,0.0,0.0,0.0,0.0,0.0,0.0,0.1434281292143667,0.0,0.0,0.3817625056853225,0.0,0.0,0.0,0.4748093651003108,0.0,0.0,0.0,0.0,0.0,0.0,0.0,0.0,0.0,0.0,0.0,0.0,0.0,0.0
all,heating,3,0.0,0.0,0.0,0.0,0.0,0.0,0.0,0.0,0.0,0.0,0.0,0.0,0.2314876663863725,0.190712555502407,0.0,0.0,0.0,0.0,0.0,0.0,0.1269315920237516,0.0,0.0,0.0,0.0,0.0,0.0,0.0,0.0,0.0,0.0,0.0,0.0,0.3193767810957695,0.0,0.0,0.0,0.0,0.0,0.0,0.0,0.0,0.0,0.0,0.0,0.0,0.1314914049916993,0.0,0.0,0.0,0.0
all,heating,4,0.0,0.0,0.0,0.0,0.0,0.0,0.0,0.0,0.0,0.0,0.135938272782526,0.0,0.0,0.0,0.1103077330051301,0.0,0.0,0.0,0.0,0.0,0.0,0.2529558041820993,0.280192134341318,0.0,0.0,0.0,0.0808437373720023,0.1006457549006177,0.0,0.0,0.0,0.0,0.0,0.0,0.0,0.0,0.0,0.0,0.0,0.0391165634163064,0.0,0.0,0.0,0.0,0.0,0.0,0.0,0.0,0.0,0.0,0.0
all,heating,5,0.0,0.0,0.0,0.0,0.0,0.0,0.0159583915856108,0.0168370600212141,0.1293300482085135,0.1215235627927855,0.0,0.0,0.0,0.0,0.0,0.0,0.0,0.0,0.1411007735578972,0.0,0.0,0.0,0.0,0.0,0.0,0.2277284192949057,0.0,0.0,0.0,0.0,0.0,0.0,0.0,0.0,0.0,0.0,0.0,0.0,0.0969128203246195,0.0,0.0,0.0,0.0,0.2018764462497408,0.0,0.0,0.0,0.0487324779647126,0.0,0.0,0.0
all,heating,6,0.1960042110972037,0.0,0.0,0.0,0.0,0.0,0.0,0.0,0.0,0.0,0.0,0.0,0.0,0.0,0.0,0.2723926577863367,0.0,0.0,0.0,0.0,0.0,0.0,0.0,0.0869181733982776,0.0,0.0,0.0,0.0,0.0,0.0,0.0,0.0,0.0,0.0,0.0,0.0,0.0,0.0,0.0,0.0,0.4446849577181818,0.0,0.0,0.0,0.0,0.0,0.0,0.0,0.0,0.0,0.0
all,heating,7,0.0,0.100344890337779,0.0,0.0,0.0,0.0,0.0,0.0,0.0,0.0,0.0,0.0,0.0,0.0,0.0,0.0,0.0783385211102468,0.0,0.0,0.0,0.0,0.0,0.0,0.0,0.0,0.0,0.0,0.0,0.0,0.0,0.0,0.0,0.0,0.0,0.1458448235143372,0.0,0.0,0.0,0.0,0.0,0.0,0.6754717650376368,0.0,0.0,0.0,0.0,0.0,0.0,0.0,0.0,0.0
all,heating,8,0.0,0.0,0.1296440320230751,0.0,0.3489186757247416,0.0,0.0,0.0,0.0,0.0,0.0,0.1769229578515362,0.0,0.0,0.0,0.0,0.0,0.0,0.0,0.0,0.0,0.0,0.0,0.0,0.0723188871390291,0.0,0.0,0.0,0.0,0.0,0.0458480582981546,0.1077563803204205,0.0,0.0,0.0,0.0,0.0,0.0,0.0,0.0,0.0,0.0,0.0799135284976819,0.0,0.0,0.0,0.0,0.0,0.0386774801453606,0.0,0.0
all,heating,9,0.0,0.0,0.0,0.5597101581747338,0.0,0.0,0.0,0.0,0.0,0.0,0.0,0.0,0.0,0.0,0.0,0.0,0.0,0.0,0.0,0.0,0.0,0.0,0.0,0.0,0.0,0.0,0.0,0.0,0.0,0.0,0.0,0.0,0.0,0.0,0.0,0.1448356431428271,0.0,0.0,0.0,0.0,0.0,0.0,0.0,0.0,0.0,0.2627231346283892,0.0,0.0,0.0,0.0297564844620949,0.0029745795919548
all,cooling,1,0.0,0.0,0.0,0.0,0.0,0.2716454731659597,0.0,0.0,0.0,0.0,0.0,0.0,0.0,0.0,0.0,0.0,0.0,0.4925939268944825,0.0,0.070775594692162,0.0,0.0,0.0,0.0,0.0,0.0,0.0,0.0,0.0727905477292245,0.0,0.0,0.0,0.0,0.0,0.0,0.0,0.0,0.0693851411237278,0.0,0.0,0.0,0.0,0.0,0.0,0.0228093163944434,0.0,0.0,0.0,0.0,0.0,0.0
all,cooling,2,0.0,0.0,0.0,0.0,0.0,0.0,0.0,0.0,0.0,0.0,0.0,0.0,0.0,0.0,0.0,0.0,0.0,0.0,0.0,0.0,0.0,0.0,0.0,0.0,0.0,0.0,0.0,0.0,0.0,0.2272390512763824,0.0,0.0,0.469429141990288,0.0,0.0,0.0,0.3033318067333295,0.0,0.0,0.0,0.0,0.0,0.0,0.0,0.0,0.0,0.0,0.0,0.0,0.0,0.0
all,cooling,3,0.0,0.0,0.0,0.0,0.0,0.0,0.0,0.0,0.0,0.0,0.0,0.0,0.2916196807040448,0.1577273171524675,0.0,0.0,0.0,0.0,0.0,0.0,0.1695684403730872,0.0,0.0,0.0,0.0,0.0,0.0,0.0,0.0,0.0,0.0,0.0,0.0,0.286746391910518,0.0,0.0,0.0,0.0,0.0,0.0,0.0,0.0,0.0,0.0,0.0,0.0,0.0943381698598824,0.0,0.0,0.0,0.0
all,cooling,4,0.0,0.0,0.0,0.0,0.0,0.0,0.0,0.0,0.0,0.0,0.1077766967253869,0.0,0.0,0.0,0.1794937321234301,0.0,0.0,0.0,0.0,0.0,0.0,0.1821574352106229,0.4160505720945417,0.0,0.0,0.0,0.017449935037214,0.076639206254751,0.0,0.0,0.0,0.0,0.0,0.0,0.0,0.0,0.0,0.0,0.0,0.0204324225540531,0.0,0.0,0.0,0.0,0.0,0.0,0.0,0.0,0.0,0.0,0.0
all,cooling,5,0.0,0.0,0.0,0.0,0.0,0.0,0.0168219838258068,0.0095840360132157,0.4798349672610106,0.1382701878607292,0.0,0.0,0.0,0.0,0.0,0.0,0.0,0.0,0.0548684066711103,0.0,0.0,0.0,0.0,0.0,0.0,0.1191835833442326,0.0,0.0,0.0,0.0,0.0,0.0,0.0,0.0,0.0,0.0,0.0,0.0,0.0769121474606196,0.0,0.0,0.0,0.0,0.0884240492965731,0.0,0.0,0.0,0.0161006382667018,0.0,0.0,0.0
all,cooling,6,0.2857604022577291,0.0,0.0,0.0,0.0,0.0,0.0,0.0,0.0,0.0,0.0,0.0,0.0,0.0,0.0,0.1764233517607663,0.0,0.0,0.0,0.0,0.0,0.0,0.0,0.1649231128772735,0.0,0.0,0.0,0.0,0.0,0.0,0.0,0.0,0.0,0.0,0.0,0.0,0.0,0.0,0.0,0.0,0.3728931331042309,0.0,0.0,0.0,0.0,0.0,0.0,0.0,0.0,0.0,0.0
all,cooling,7,0.0,0.0486841225755268,0.0,0.0,0.0,0.0,0.0,0.0,0.0,0.0,0.0,0.0,0.0,0.0,0.0,0.0,0.1269178825655158,0.0,0.0,0.0,0.0,0.0,0.0,0.0,0.0,0.0,0.0,0.0,0.0,0.0,0.0,0.0,0.0,0.0,0.0819713246767909,0.0,0.0,0.0,0.0,0.0,0.0,0.7424266701821665,0.0,0.0,0.0,0.0,0.0,0.0,0.0,0.0,0.0
all,cooling,8,0.0,0.0,0.4554303202764905,0.0,0.135702544533688,0.0,0.0,0.0,0.0,0.0,0.0,0.031483521468178,0.0,0.0,0.0,0.0,0.0,0.0,0.0,0.0,0.0,0.0,0.0,0.0,0.0101837732148714,0.0,0.0,0.0,0.0,0.0,0.0655174418912502,0.2133784829094059,0.0,0.0,0.0,0.0,0.0,0.0,0.0,0.0,0.0,0.0,0.0801721449415381,0.0,0.0,0.0,0.0,0.0,0.0081317707645775,0.0,0.0
all,cooling,9,0.0,0.0,0.0,0.7813644409176391,0.0,0.0,0.0,0.0,0.0,0.0,0.0,0.0,0.0,0.0,0.0,0.0,0.0,0.0,0.0,0.0,0.0,0.0,0.0,0.0,0.0,0.0,0.0,0.0,0.0,0.0,0.0,0.0,0.0,0.0,0.0,0.0532311421608077,0.0,0.0,0.0,0.0,0.0,0.0,0.0,0.0,0.0,0.0711331040253251,0.0,0.0,0.0,0.0017452974637133,0.0925260154325144
all,water heating,1,0.0,0.0,0.0,0.0,0.0,0.2381059093358539,0.0,0.0,0.0,0.0,0.0,0.0,0.0,0.0,0.0,0.0,0.0,0.4460378430727162,0.0,0.1219980515048558,0.0,0.0,0.0,0.0,0.0,0.0,0.0,0.0,0.0959853824024983,0.0,0.0,0.0,0.0,0.0,0.0,0.0,0.0,0.0628503304075903,0.0,0.0,0.0,0.0,0.0,0.0,0.0350224832764852,0.0,0.0,0.0,0.0,0.0,0.0
all,water heating,2,0.0,0.0,0.0,0.0,0.0,0.0,0.0,0.0,0.0,0.0,0.0,0.0,0.0,0.0,0.0,0.0,0.0,0.0,0.0,0.0,0.0,0.0,0.0,0.0,0.0,0.0,0.0,0.0,0.0,0.2089997967876098,0.0,0.0,0.4550067805094749,0.0,0.0,0.0,0.3359934227029153,0.0,0.0,0.0,0.0,0.0,0.0,0.0,0.0,0.0,0.0,0.0,0.0,0.0,0.0
all,water heating,3,0.0,0.0,0.0,0.0,0.0,0.0,0.0,0.0,0.0,0.0,0.0,0.0,0.2884342315327796,0.1272971645637466,0.0,0.0,0.0,0.0,0.0,0.0,0.1742919611665024,0.0,0.0,0.0,0.0,0.0,0.0,0.0,0.0,0.0,0.0,0.0,0.0,0.2701031952167936,0.0,0.0,0.0,0.0,0.0,0.0,0.0,0.0,0.0,0.0,0.0,0.0,0.1398734475201776,0.0,0.0,0.0,0.0
all,water heating,4,0.0,0.0,0.0,0.0,0.0,0.0,0.0,0.0,0.0,0.0,0.1349558826924175,0.0,0.0,0.0,0.1166142772392119,0.0,0.0,0.0,0.0,0.0,0.0,0.2886699864194052,0.2922231821709486,0.0,0.0,0.0,0.0395840050169942,0.0957952946249391,0.0,0.0,0.0,0.0,0.0,0.0,0.0,0.0,0.0,0.0,0.0,0.0321573718360832,0.0,0.0,0.0,0.0,0.0,0.0,0.0,0.0,0.0,0.0,0.0
all,water heating,5,0.0,0.0,0.0,0.0,0.0,0.0,0.0126355250959806,0.0130181756523427,0.3991019103894905,0.1331605105636048,0.0,0.0,0.0,0.0,0.0,0.0,0.0,0.0,0.0726799059164173,0.0,0.0,0.0,0.0,0.0,0.0,0.1371588829863637,0.0,0.0,0.0,0.0,0.0,0.0,0.0,0.0,0.0,0.0,0.0,0.0,0.0825488164102485,0.0,0.0,0.0,0.0,0.1181515856539055,0.0,0.0,0.0,0.0315446873316459,0.0,0.0,0.0
all,water heating,6,0.2480541325629691,0.0,0.0,0.0,0.0,0.0,0.0,0.0,0.0,0.0,0.0,0.0,0.0,0.0,0.0,0.2165353850563974,0.0,0.0,0.0,0.0,0.0,0.0,0.0,0.1507985623058494,0.0,0.0,0.0,0.0,0.0,0.0,0.0,0.0,0.0,0.0,0.0,0.0,0.0,0.0,0.0,0.0,0.3846119200747839,0.0,0.0,0.0,0.0,0.0,0.0,0.0,0.0,0.0,0.0
all,water heating,7,0.0,0.0597442322053345,0.0,0.0,0.0,0.0,0.0,0.0,0.0,0.0,0.0,0.0,0.0,0.0,0.0,0.0,0.1331291590109179,0.0,0.0,0.0,0.0,0.0,0.0,0.0,0.0,0.0,0.0,0.0,0.0,0.0,0.0,0.0,0.0,0.0,0.07795785161542,0.0,0.0,0.0,0.0,0.0,0.0,0.7291687571683275,0.0,0.0,0.0,0.0,0.0,0.0,0.0,0.0,0.0
all,water heating,8,0.0,0.0,0.2708588778305596,0.0,0.2414941523798024,0.0,0.0,0.0,0.0,0.0,0.0,0.0617975610669242,0.0,0.0,0.0,0.0,0.0,0.0,0.0,0.0,0.0,0.0,0.0,0.0,0.0364326122606111,0.0,0.0,0.0,0.0,0.0,0.0736337948755831,0.1919787921816347,0.0,0.0,0.0,0.0,0.0,0.0,0.0,0.0,0.0,0.0,0.1001451434710617,0.0,0.0,0.0,0.0,0.0,0.023659065933823,0.0,0.0
all,water heating,9,0.0,0.0,0.0,0.6529860360942257,0.0,0.0,0.0,0.0,0.0,0.0,0.0,0.0,0.0,0.0,0.0,0.0,0.0,0.0,0.0,0.0,0.0,0.0,0.0,0.0,0.0,0.0,0.0,0.0,0.0,0.0,0.0,0.0,0.0,0.0,0.0,0.1131885654037246,0.0,0.0,0.0,0.0,0.0,0.0,0.0,0.0,0.0,0.1704077141113998,0.0,0.0,0.0,0.0135869850603916,0.0498306993302582
all,fans and pumps,1,0.0,0.0,0.0,0.0,0.0,0.2492039402132372,0.0,0.0,0.0,0.0,0.0,0.0,0.0,0.0,0.0,0.0,0.0,0.4797689824260698,0.0,0.08820303793154,0.0,0.0,0.0,0.0,0.0,0.0,0.0,0.0,0.0822824211800408,0.0,0.0,0.0,0.0,0.0,0.0,0.0,0.0,0.0759558869154732,0.0,0.0,0.0,0.0,0.0,0.0,0.0245857313336388,0.0,0.0,0.0,0.0,0.0,0.0
all,fans and pumps,2,0.0,0.0,0.0,0.0,0.0,0.0,0.0,0.0,0.0,0.0,0.0,0.0,0.0,0.0,0.0,0.0,0.0,0.0,0.0,0.0,0.0,0.0,0.0,0.0,0.0,0.0,0.0,0.0,0.0,0.2267357751840216,0.0,0.0,0.4571342653746306,0.0,0.0,0.0,0.3161299594413478,0.0,0.0,0.0,0.0,0.0,0.0,0.0,0.0,0.0,0.0,0.0,0.0,0.0,0.0
all,fans and pumps,3,0.0,0.0,0.0,0.0,0.0,0.0,0.0,0.0,0.0,0.0,0.0,0.0,0.2817483893224398,0.1369141816143532,0.0,0.0,0.0,0.0,0.0,0.0,0.1915776752098123,0.0,0.0,0.0,0.0,0.0,0.0,0.0,0.0,0.0,0.0,0.0,0.0,0.2714516911554701,0.0,0.0,0.0,0.0,0.0,0.0,0.0,0.0,0.0,0.0,0.0,0.0,0.1183080626979246,0.0,0.0,0.0,0.0
all,fans and pumps,4,0.0,0.0,0.0,0.0,0.0,0.0,0.0,0.0,0.0,0.0,0.1212342654230422,0.0,0.0,0.0,0.1558527096167596,0.0,0.0,0.0,0.0,0.0,0.0,0.2485755779734825,0.3311029208858806,0.0,0.0,0.0,0.029171489663152,0.0848424426838351,0.0,0.0,0.0,0.0,0.0,0.0,0.0,0.0,0.0,0.0,0.0,0.0292205937538475,0.0,0.0,0.0,0.0,0.0,0.0,0.0,0.0,0.0,0.0,0.0
all,fans and pumps,5,0.0,0.0,0.0,0.0,0.0,0.0,0.0180419653072623,0.0146688497157963,0.3396940885777243,0.1610272571032279,0.0,0.0,0.0,0.0,0.0,0.0,0.0,0.0,0.0822882488012252,0.0,0.0,0.0,0.0,0.0,0.0,0.1514354909935046,0.0,0.0,0.0,0.0,0.0,0.0,0.0,0.0,0.0,0.0,0.0,0.0,0.0836794022742132,0.0,0.0,0.0,0.0,0.1197137216571146,0.0,0.0,0.0,0.0294509755699312,0.0,0.0,0.0
all,fans and pumps,6,0.2543484076593165,0.0,0.0,0.0,0.0,0.0,0.0,0.0,0.0,0.0,0.0,0.0,0.0,0.0,0.0,0.2112970050841398,0.0,0.0,0.0,0.0,0.0,0.0,0.0,0.1491482500822571,0.0,0.0,0.0,0.0,0.0,0.0,0.0,0.0,0.0,0.0,0.0,0.0,0.0,0.0,0.0,0.0,0.3852063371742865,0.0,0.0,0.0,0.0,0.0,0.0,0.0,0.0,0.0,0.0
all,fans and pumps,7,0.0,0.0606176781770058,0.0,0.0,0.0,0.0,0.0,0.0,0.0,0.0,0.0,0.0,0.0,0.0,0.0,0.0,0.1097953375645517,0.0,0.0,0.0,0.0,0.0,0.0,0.0,0.0,0.0,0.0,0.0,0.0,0.0,0.0,0.0,0.0,0.0,0.1019294536578824,0.0,0.0,0.0,0.0,0.0,0.0,0.7276575306005599,0.0,0.0,0.0,0.0,0.0,0.0,0.0,0.0,0.0
all,fans and pumps,8,0.0,0.0,0.2963766871761144,0.0,0.2399048574120714,0.0,0.0,0.0,0.0,0.0,0.0,0.0561864897597498,0.0,0.0,0.0,0.0,0.0,0.0,0.0,0.0,0.0,0.0,0.0,0.0,0.02626801986233,0.0,0.0,0.0,0.0,0.0,0.0777622837443746,0.1639597061090729,0.0,0.0,0.0,0.0,0.0,0.0,0.0,0.0,0.0,0.0,0.1203735658409241,0.0,0.0,0.0,0.0,0.0,0.0191683900953625,0.0,0.0
all,fans and pumps,9,0.0,0.0,0.0,0.8177247082496711,0.0,0.0,0.0,0.0,0.0,0.0,0.0,0.0,0.0,0.0,0.0,0.0,0.0,0.0,0.0,0.0,0.0,0.0,0.0,0.0,0.0,0.0,0.0,0.0,0.0,0.0,0.0,0.0,0.0,0.0,0.0,0.0609436575551955,0.0,0.0,0.0,0.0,0.0,0.0,0.0,0.0,0.0,0.0885832046691513,0.0,0.0,0.0,0.0060128669290081,0.0267355625969737
all,lighting,1,0.0,0.0,0.0,0.0,0.0,0.2585443001903999,0.0,0.0,0.0,0.0,0.0,0.0,0.0,0.0,0.0,0.0,0.0,0.4662279212589906,0.0,0.0902720079777595,0.0,0.0,0.0,0.0,0.0,0.0,0.0,0.0,0.0865104029907072,0.0,0.0,0.0,0.0,0.0,0.0,0.0,0.0,0.0736381042355455,0.0,0.0,0.0,0.0,0.0,0.0,0.0248072633465971,0.0,0.0,0.0,0.0,0.0,0.0
all,lighting,2,0.0,0.0,0.0,0.0,0.0,0.0,0.0,0.0,0.0,0.0,0.0,0.0,0.0,0.0,0.0,0.0,0.0,0.0,0.0,0.0,0.0,0.0,0.0,0.0,0.0,0.0,0.0,0.0,0.0,0.235403171692787,0.0,0.0,0.429202596211017,0.0,0.0,0.0,0.3353942320961959,0.0,0.0,0.0,0.0,0.0,0.0,0.0,0.0,0.0,0.0,0.0,0.0,0.0,0.0
all,lighting,3,0.0,0.0,0.0,0.0,0.0,0.0,0.0,0.0,0.0,0.0,0.0,0.0,0.2657682494714591,0.1382380688158002,0.0,0.0,0.0,0.0,0.0,0.0,0.1966711895338976,0.0,0.0,0.0,0.0,0.0,0.0,0.0,0.0,0.0,0.0,0.0,0.0,0.2790217830701343,0.0,0.0,0.0,0.0,0.0,0.0,0.0,0.0,0.0,0.0,0.0,0.0,0.1203007091087087,0.0,0.0,0.0,0.0
all,lighting,4,0.0,0.0,0.0,0.0,0.0,0.0,0.0,0.0,0.0,0.0,0.1197767240283075,0.0,0.0,0.0,0.1534972853301734,0.0,0.0,0.0,0.0,0.0,0.0,0.2558826027946385,0.3429631325927716,0.0,0.0,0.0,0.0289863791302348,0.0726278098516218,0.0,0.0,0.0,0.0,0.0,0.0,0.0,0.0,0.0,0.0,0.0,0.0262660662722523,0.0,0.0,0.0,0.0,0.0,0.0,0.0,0.0,0.0,0.0,0.0
all,lighting,5,0.0,0.0,0.0,0.0,0.0,0.0,0.0131223729414407,0.0139692166797568,0.3215840814976496,0.1665023207955073,0.0,0.0,0.0,0.0,0.0,0.0,0.0,0.0,0.0835844712716581,0.0,0.0,0.0,0.0,0.0,0.0,0.1626119969745993,0.0,0.0,0.0,0.0,0.0,0.0,0.0,0.0,0.0,0.0,0.0,0.0,0.0864405947749362,0.0,0.0,0.0,0.0,0.1232281305257248,0.0,0.0,0.0,0.0289568145387267,0.0,0.0,0.0
all,lighting,6,0.2350342864748673,0.0,0.0,0.0,0.0,0.0,0.0,0.0,0.0,0.0,0.0,0.0,0.0,0.0,0.0,0.2154724690778251,0.0,0.0,0.0,0.0,0.0,0.0,0.0,0.135217303240826,0.0,0.0,0.0,0.0,0.0,0.0,0.0,0.0,0.0,0.0,0.0,0.0,0.0,0.0,0.0,0.0,0.4142759412064815,0.0,0.0,0.0,0.0,0.0,0.0,0.0,0.0,0.0,0.0
all,lighting,7,0.0,0.0627276278258681,0.0,0.0,0.0,0.0,0.0,0.0,0.0,0.0,0.0,0.0,0.0,0.0,0.0,0.0,0.1126344524455963,0.0,0.0,0.0,0.0,0.0,0.0,0.0,0.0,0.0,0.0,0.0,0.0,0.0,0.0,0.0,0.0,0.0,0.1051257673454393,0.0,0.0,0.0,0.0,0.0,0.0,0.7195121523830961,0.0,0.0,0.0,0.0,0.0,0.0,0.0,0.0,0.0
all,lighting,8,0.0,0.0,0.2849140460733882,0.0,0.2342020810275046,0.0,0.0,0.0,0.0,0.0,0.0,0.0630382957347824,0.0,0.0,0.0,0.0,0.0,0.0,0.0,0.0,0.0,0.0,0.0,0.0,0.0278818304304395,0.0,0.0,0.0,0.0,0.0,0.0738217555856145,0.1667541639785291,0.0,0.0,0.0,0.0,0.0,0.0,0.0,0.0,0.0,0.0,0.1277426710573036,0.0,0.0,0.0,0.0,0.0,0.0216451561124379,0.0,0.0
all,lighting,9,0.0,0.0,0.0,0.6628012232273905,0.0,0.0,0.0,0.0,0.0,0.0,0.0,0.0,0.0,0.0,0.0,0.0,0.0,0.0,0.0,0.0,0.0,0.0,0.0,0.0,0.0,0.0,0.0,0.0,0.0,0.0,0.0,0.0,0.0,0.0,0.0,0.1128278283511206,0.0,0.0,0.0,0.0,0.0,0.0,0.0,0.0,0.0,0.1752759172348365,0.0,0.0,0.0,0.0118741999512518,0.0372208312354004
all,refrigeration,1,0.0,0.0,0.0,0.0,0.0,0.2469638740950376,0.0,0.0,0.0,0.0,0.0,0.0,0.0,0.0,0.0,0.0,0.0,0.3663442494496963,0.0,0.1446072032604787,0.0,0.0,0.0,0.0,0.0,0.0,0.0,0.0,0.1033577375730002,0.0,0.0,0.0,0.0,0.0,0.0,0.0,0.0,0.0816113302463739,0.0,0.0,0.0,0.0,0.0,0.0,0.057115605375413,0.0,0.0,0.0,0.0,0.0,0.0
all,refrigeration,2,0.0,0.0,0.0,0.0,0.0,0.0,0.0,0.0,0.0,0.0,0.0,0.0,0.0,0.0,0.0,0.0,0.0,0.0,0.0,0.0,0.0,0.0,0.0,0.0,0.0,0.0,0.0,0.0,0.0,0.2290516071668817,0.0,0.0,0.4361442152777494,0.0,0.0,0.0,0.3348041775553688,0.0,0.0,0.0,0.0,0.0,0.0,0.0,0.0,0.0,0.0,0.0,0.0,0.0,0.0
all,refrigeration,3,0.0,0.0,0.0,0.0,0.0,0.0,0.0,0.0,0.0,0.0,0.0,0.0,0.2383482526968836,0.1290067421242821,0.0,0.0,0.0,0.0,0.0,0.0,0.2211439241195909,0.0,0.0,0.0,0.0,0.0,0.0,0.0,0.0,0.0,0.0,0.0,0.0,0.2596091813644123,0.0,0.0,0.0,0.0,0.0,0.0,0.0,0.0,0.0,0.0,0.0,0.0,0.151891899694831,0.0,0.0,0.0,0.0
all,refrigeration,4,0.0,0.0,0.0,0.0,0.0,0.0,0.0,0.0,0.0,0.0,0.1439092150135069,0.0,0.0,0.0,0.1612633760631313,0.0,0.0,0.0,0.0,0.0,0.0,0.2367396972980861,0.2559751667106553,0.0,0.0,0.0,0.0438553861768874,0.1039128257153999,0.0,0.0,0.0,0.0,0.0,0.0,0.0,0.0,0.0,0.0,0.0,0.0543443330223328,0.0,0.0,0.0,0.0,0.0,0.0,0.0,0.0,0.0,0.0,0.0
all,refrigeration,5,0.0,0.0,0.0,0.0,0.0,0.0,0.0117078358870353,0.0119205931815301,0.3294794390185023,0.1596457750619588,0.0,0.0,0.0,0.0,0.0,0.0,0.0,0.0,0.0787968732586976,0.0,0.0,0.0,0.0,0.0,0.0,0.1615534743545691,0.0,0.0,0.0,0.0,0.0,0.0,0.0,0.0,0.0,0.0,0.0,0.0,0.0980431918914593,0.0,0.0,0.0,0.0,0.1078442006857314,0.0,0.0,0.0,0.0410086166605156,0.0,0.0,0.0
all,refrigeration,6,0.253284390886031,0.0,0.0,0.0,0.0,0.0,0.0,0.0,0.0,0.0,0.0,0.0,0.0,0.0,0.0,0.2276226148606811,0.0,0.0,0.0,0.0,0.0,0.0,0.0,0.1708737096287387,0.0,0.0,0.0,0.0,0.0,0.0,0.0,0.0,0.0,0.0,0.0,0.0,0.0,0.0,0.0,0.0,0.3482192846245491,0.0,0.0,0.0,0.0,0.0,0.0,0.0,0.0,0.0,0.0
all,refrigeration,7,0.0,0.0836832978799951,0.0,0.0,0.0,0.0,0.0,0.0,0.0,0.0,0.0,0.0,0.0,0.0,0.0,0.0,0.1203008332482212,0.0,0.0,0.0,0.0,0.0,0.0,0.0,0.0,0.0,0.0,0.0,0.0,0.0,0.0,0.0,0.0,0.0,0.1324204694225938,0.0,0.0,0.0,0.0,0.0,0.0,0.6635953994491898,0.0,0.0,0.0,0.0,0.0,0.0,0.0,0.0,0.0
all,refrigeration,8,0.0,0.0,0.2706505564834982,0.0,0.2268850072969704,0.0,0.0,0.0,0.0,0.0,0.0,0.0823981831530062,0.0,0.0,0.0,0.0,0.0,0.0,0.0,0.0,0.0,0.0,0.0,0.0,0.0688175963690299,0.0,0.0,0.0,0.0,0.0,0.1028606948109842,0.0997885365711259,0.0,0.0,0.0,0.0,0.0,0.0,0.0,0.0,0.0,0.0,0.1156875500655891,0.0,0.0,0.0,0.0,0.0,0.0329118752497959,0.0,0.0
all,refrigeration,9,0.0,0.0,0.0,0.6005532659294424,0.0,0.0,0.0,0.0,0.0,0.0,0.0,0.0,0.0,0.0,0.0,0.0,0.0,0.0,0.0,0.0,0.0,0.0,0.0,0.0,0.0,0.0,0.0,0.0,0.0,0.0,0.0,0.0,0.0,0.0,0.0,0.145505834489269,0.0,0.0,0.0,0.0,0.0,0.0,0.0,0.0,0.0,0.1958736850874857,0.0,0.0,0.0,0.0248208032231882,0.0332464112706144
all,misc,1,0.0,0.0,0.0,0.0,0.0,0.253019307563843,0.0,0.0,0.0,0.0,0.0,0.0,0.0,0.0,0.0,0.0,0.0,0.5045600383339268,0.0,0.0792597878050977,0.0,0.0,0.0,0.0,0.0,0.0,0.0,0.0,0.0751711600197221,0.0,0.0,0.0,0.0,0.0,0.0,0.0,0.0,0.0656352705467819,0.0,0.0,0.0,0.0,0.0,0.0,0.0223544357306281,0.0,0.0,0.0,0.0,0.0,0.0
all,misc,2,0.0,0.0,0.0,0.0,0.0,0.0,0.0,0.0,0.0,0.0,0.0,0.0,0.0,0.0,0.0,0.0,0.0,0.0,0.0,0.0,0.0,0.0,0.0,0.0,0.0,0.0,0.0,0.0,0.0,0.2249241741185772,0.0,0.0,0.4524199500760966,0.0,0.0,0.0,0.3226558758053262,0.0,0.0,0.0,0.0,0.0,0.0,0.0,0.0,0.0,0.0,0.0,0.0,0.0,0.0
all,misc,3,0.0,0.0,0.0,0.0,0.0,0.0,0.0,0.0,0.0,0.0,0.0,0.0,0.282000420666096,0.1389076961194476,0.0,0.0,0.0,0.0,0.0,0.0,0.1811518129851027,0.0,0.0,0.0,0.0,0.0,0.0,0.0,0.0,0.0,0.0,0.0,0.0,0.278699217033503,0.0,0.0,0.0,0.0,0.0,0.0,0.0,0.0,0.0,0.0,0.0,0.0,0.1192408531958507,0.0,0.0,0.0,0.0
all,misc,4,0.0,0.0,0.0,0.0,0.0,0.0,0.0,0.0,0.0,0.0,0.1329489907273936,0.0,0.0,0.0,0.1504043390007664,0.0,0.0,0.0,0.0,0.0,0.0,0.2574155977954901,0.3382081311642693,0.0,0.0,0.0,0.023787428821681,0.0757200244954854,0.0,0.0,0.0,0.0,0.0,0.0,0.0,0.0,0.0,0.0,0.0,0.0215154879949138,0.0,0.0,0.0,0.0,0.0,0.0,0.0,0.0,0.0,0.0,0.0
all,misc,5,0.0,0.0,0.0,0.0,0.0,0.0,0.0256508257179325,0.0143980676573497,0.3158448795595776,0.1679250057597945,0.0,0.0,0.0,0.0,0.0,0.0,0.0,0.0,0.0888874751933981,0.0,0.0,0.0,0.0,0.0,0.0,0.1564132979786406,0.0,0.0,0.0,0.0,0.0,0.0,0.0,0.0,0.0,0.0,0.0,0.0,0.0814203873374796,0.0,0.0,0.0,0.0,0.1248274240463922,0.0,0.0,0.0,0.024632636749435,0.0,0.0,0.0
all,misc,6,0.2344153651493255,0.0,0.0,0.0,0.0,0.0,0.0,0.0,0.0,0.0,0.0,0.0,0.0,0.0,0.0,0.2383634435520326,0.0,0.0,0.0,0.0,0.0,0.0,0.0,0.1295992198732391,0.0,0.0,0.0,0.0,0.0,0.0,0.0,0.0,0.0,0.0,0.0,0.0,0.0,0.0,0.0,0.0,0.3976219714254027,0.0,0.0,0.0,0.0,0.0,0.0,0.0,0.0,0.0,0.0
all,misc,7,0.0,0.0554669263729962,0.0,0.0,0.0,0.0,0.0,0.0,0.0,0.0,0.0,0.0,0.0,0.0,0.0,0.0,0.1028345855486263,0.0,0.0,0.0,0.0,0.0,0.0,0.0,0.0,0.0,0.0,0.0,0.0,0.0,0.0,0.0,0.0,0.0,0.0929943048803983,0.0,0.0,0.0,0.0,0.0,0.0,0.7487041831979792,0.0,0.0,0.0,0.0,0.0,0.0,0.0,0.0,0.0
all,misc,8,0.0,0.0,0.2740376413936561,0.0,0.2652544756136881,0.0,0.0,0.0,0.0,0.0,0.0,0.0615503841979759,0.0,0.0,0.0,0.0,0.0,0.0,0.0,0.0,0.0,0.0,0.0,0.0,0.0267831668731351,0.0,0.0,0.0,0.0,0.0,0.0673151968351578,0.1622301748145677,0.0,0.0,0.0,0.0,0.0,0.0,0.0,0.0,0.0,0.0,0.1253467759460904,0.0,0.0,0.0,0.0,0.0,0.0174821843257286,0.0,0.0
all,misc,9,0.0,0.0,0.0,0.7352258432244181,0.0,0.0,0.0,0.0,0.0,0.0,0.0,0.0,0.0,0.0,0.0,0.0,0.0,0.0,0.0,0.0,0.0,0.0,0.0,0.0,0.0,0.0,0.0,0.0,0.0,0.0,0.0,0.0,0.0,0.0,0.0,0.0850296630188772,0.0,0.0,0.0,0.0,0.0,0.0,0.0,0.0,0.0,0.1436855427418898,0.0,0.0,0.0,0.0086715399623072,0.0273874110525076
